timestamp,pm2_5,pm10,no2,o3,so2,co,aqi,dayofweek,day,month,pm2_5_lag1,pm2_5_lag2,pm2_5_lag3,pm2_5_roll7,pm2_5_roll14,pm2_5_next_1,pm2_5_next_2,pm2_5_next_3
2025-07-13 03:00:00,49.15,154.79,5.76,30.85,0.76,352.4,4,6,13,7,,,,,,49.98,55.09,66.4
2025-07-13 04:00:00,49.98,166.21,4.77,43.69,0.93,335.04,4,6,13,7,49.15,,,,,55.09,66.4,51.89
2025-07-13 05:00:00,55.09,174.52,3.89,62.22,1.03,328.92,4,6,13,7,49.98,49.15,,,,66.4,51.89,46.0
2025-07-13 06:00:00,66.4,187.2,2.9,84.64,1.12,327.85,4,6,13,7,55.09,49.98,49.15,,,51.89,46.0,44.61
2025-07-13 07:00:00,51.89,171.73,1.05,92.16,3.61,210.27,4,6,13,7,66.4,55.09,49.98,,,46.0,44.61,44.23
2025-07-13 08:00:00,46.0,149.46,0.72,92.76,3.82,183.17,4,6,13,7,51.89,66.4,55.09,,,44.61,44.23,43.81
2025-07-13 09:00:00,44.61,138.71,0.7,94.11,3.49,181.82,4,6,13,7,46.0,51.89,66.4,51.87428571428571,,44.23,43.81,43.28
2025-07-13 10:00:00,44.23,132.35,0.73,96.3,3.25,184.98,4,6,13,7,44.61,46.0,51.89,51.17142857142858,,43.81,43.28,44.13
2025-07-13 11:00:00,43.81,126.59,0.81,97.61,3.05,188.45,4,6,13,7,44.23,44.61,46.0,50.290000000000006,,43.28,44.13,46.15
2025-07-13 12:00:00,43.28,121.24,0.98,98.87,2.9,193.25,4,6,13,7,43.81,44.23,44.61,48.60285714285715,,44.13,46.15,48.43
2025-07-13 13:00:00,44.13,115.96,2.94,89.83,2.73,225.05,4,6,13,7,43.28,43.81,44.23,45.42142857142857,,46.15,48.43,50.19
2025-07-13 14:00:00,46.15,111.55,5.89,76.28,2.59,278.06,4,6,13,7,44.13,43.28,43.81,44.60142857142858,,48.43,50.19,52.34
2025-07-13 15:00:00,48.43,108.12,7.71,68.29,2.5,327.28,4,6,13,7,46.15,44.13,43.28,44.94857142857143,,50.19,52.34,54.48
2025-07-13 16:00:00,50.19,103.81,8.42,65.38,2.33,359.95,4,6,13,7,48.43,46.15,44.13,45.74571428571429,48.81,52.34,54.48,56.24
2025-07-13 17:00:00,52.34,100.79,8.14,67.36,2.14,382.02,4,6,13,7,50.19,48.43,46.15,46.90428571428571,49.03785714285714,54.48,56.24,59.46
2025-07-13 18:00:00,54.48,99.12,7.23,73.66,1.96,391.29,4,6,13,7,52.34,50.19,48.43,48.42857142857143,49.35928571428571,56.24,59.46,62.77
2025-07-13 19:00:00,56.24,100.29,4.32,93.85,1.99,365.41,4,6,13,7,54.48,52.34,50.19,50.28000000000001,49.44142857142857,59.46,62.77,65.17
2025-07-13 20:00:00,59.46,102.98,3.87,95.94,1.83,373.47,4,6,13,7,56.24,54.48,52.34,52.470000000000006,48.94571428571429,62.77,65.17,67.27
2025-07-13 21:00:00,62.77,107.19,3.85,93.82,1.7,386.07,4,6,13,7,59.46,56.24,54.48,54.84428571428571,49.722857142857144,65.17,67.27,69.02
2025-07-13 22:00:00,65.17,110.6,4.06,88.32,1.54,398.81,4,6,13,7,62.77,59.46,56.24,57.23571428571429,51.09214285714285,67.27,69.02,70.24
2025-07-13 23:00:00,67.27,112.38,4.39,81.54,1.39,415.33,4,6,13,7,65.17,62.77,59.46,59.675714285714285,52.71071428571429,69.02,70.24,71.91
2025-07-14 00:00:00,69.02,113.44,4.65,75.63,1.34,432.0,4,0,14,7,67.27,65.17,62.77,62.058571428571426,54.48142857142857,70.24,71.91,74.25
2025-07-14 01:00:00,70.24,113.03,4.8,71.41,1.46,447.89,4,0,14,7,69.02,67.27,65.17,64.30999999999999,56.369285714285716,71.91,74.25,77.47
2025-07-14 02:00:00,71.91,112.48,5.41,67.42,1.74,475.99,4,0,14,7,70.24,69.02,67.27,66.54857142857142,58.41428571428571,74.25,77.47,86.45
2025-07-14 03:00:00,74.25,112.4,5.75,68.69,2.18,508.83,4,0,14,7,71.91,70.24,69.02,68.66142857142857,60.565714285714286,77.47,86.45,100.59
2025-07-14 04:00:00,77.47,116.84,4.25,94.46,3.47,499.02,5,0,14,7,74.25,71.91,70.24,70.76142857142857,62.80285714285714,86.45,100.59,86.17
2025-07-14 05:00:00,86.45,122.36,3.34,115.05,4.68,516.37,5,0,14,7,77.47,74.25,71.91,73.80142857142857,65.51857142857143,100.59,86.17,75.75
2025-07-14 06:00:00,100.59,133.99,2.52,139.12,6.35,531.53,5,0,14,7,86.45,77.47,74.25,78.56142857142858,69.11857142857143,86.17,75.75,73.99
2025-07-14 07:00:00,86.17,115.92,1.44,149.44,7.1,441.05,5,0,14,7,100.59,86.45,77.47,81.01142857142858,71.535,75.75,73.99,73.09
2025-07-14 08:00:00,75.75,97.8,1.17,146.0,5.76,399.09,5,0,14,7,86.17,100.59,86.45,81.79857142857144,73.05428571428571,73.99,73.09,71.83
2025-07-14 09:00:00,73.99,92.39,1.26,144.96,5.03,396.77,4,0,14,7,75.75,86.17,100.59,82.09571428571428,74.32214285714285,73.09,71.83,70.0
2025-07-14 10:00:00,73.09,88.18,1.41,145.49,4.5,404.71,4,0,14,7,73.99,75.75,86.17,81.92999999999999,75.29571428571428,71.83,70.0,68.46
2025-07-14 11:00:00,71.83,84.26,1.6,147.33,4.16,416.46,4,0,14,7,73.09,73.99,75.75,81.12428571428572,75.94285714285715,70.0,68.46,69.12
2025-07-14 12:00:00,70.0,80.56,1.95,148.6,3.95,430.25,4,0,14,7,71.83,73.09,73.99,78.77428571428571,76.28785714285713,68.46,69.12,69.08
2025-07-14 13:00:00,68.46,78.14,2.95,145.8,3.85,449.64,4,0,14,7,70.0,71.83,73.09,74.1842857142857,76.37285714285714,69.12,69.08,68.82
2025-07-14 14:00:00,69.12,78.99,4.37,140.4,3.98,479.6,4,0,14,7,68.46,70.0,71.83,71.74857142857142,76.38,69.08,68.82,70.15
2025-07-14 15:00:00,69.08,79.4,5.06,135.36,4.19,507.89,4,0,14,7,69.12,68.46,70.0,70.79571428571428,76.29714285714284,68.82,70.15,71.01
2025-07-14 16:00:00,68.82,80.02,5.37,129.42,4.39,533.85,4,0,14,7,69.08,69.12,68.46,70.05714285714286,76.07642857142856,70.15,71.01,71.11
2025-07-14 17:00:00,70.15,82.8,5.61,122.36,4.58,568.28,4,0,14,7,68.82,69.08,69.12,69.63714285714285,75.78357142857143,71.01,71.11,71.13
2025-07-14 18:00:00,71.01,85.01,5.77,114.81,4.62,596.93,4,0,14,7,70.15,68.82,69.08,69.52,75.32214285714285,71.11,71.13,70.71
2025-07-14 19:00:00,71.11,86.37,5.72,106.82,4.34,613.92,4,0,14,7,71.01,70.15,68.82,69.67857142857143,74.22642857142857,71.13,70.71,69.92
2025-07-14 20:00:00,71.13,87.63,5.6,98.73,3.92,625.33,4,0,14,7,71.11,71.01,70.15,70.05999999999999,72.12214285714286,70.71,69.92,69.22
2025-07-14 21:00:00,70.71,88.36,5.44,91.6,3.56,632.0,4,0,14,7,71.13,71.11,71.01,70.28714285714285,71.01785714285714,69.92,69.22,68.5
2025-07-14 22:00:00,69.92,88.23,5.35,85.11,3.35,634.16,4,0,14,7,70.71,71.13,71.11,70.40714285714286,70.60142857142857,69.22,68.5,67.23
2025-07-14 23:00:00,69.22,87.92,5.28,80.18,3.33,635.44,4,0,14,7,69.92,70.71,71.13,70.46428571428571,70.26071428571429,68.5,67.23,66.22
2025-07-15 00:00:00,68.5,87.6,5.17,77.09,3.57,634.21,4,1,15,7,69.22,69.92,70.71,70.22857142857143,69.93285714285715,67.23,66.22,65.6
2025-07-15 01:00:00,67.23,86.64,5.07,75.18,4.04,627.78,4,1,15,7,68.5,69.22,69.92,69.68857142857144,69.60428571428571,66.22,65.6,53.65
2025-07-15 02:00:00,66.22,85.24,5.64,73.37,4.48,631.16,4,1,15,7,67.23,68.5,69.22,68.99,69.33428571428571,65.6,53.65,44.19
2025-07-15 03:00:00,65.6,83.39,6.32,75.61,5.14,635.68,4,1,15,7,66.22,67.23,68.5,68.2,69.13000000000001,53.65,44.19,43.6
2025-07-15 04:00:00,53.65,66.12,4.77,103.07,5.85,563.72,4,1,15,7,65.6,66.22,67.23,65.76285714285714,68.025,44.19,43.6,44.24
2025-07-15 05:00:00,44.19,53.03,3.49,118.95,5.23,527.0,3,1,15,7,53.65,65.6,66.22,62.08714285714286,66.24714285714285,43.6,44.24,45.66
2025-07-15 06:00:00,43.6,51.57,2.6,127.99,5.02,524.33,3,1,15,7,44.19,53.65,65.6,58.42714285714286,64.44571428571429,44.24,45.66,46.01
2025-07-15 07:00:00,44.24,51.18,1.99,132.73,4.61,522.2,3,1,15,7,43.6,44.19,53.65,54.96142857142856,62.59499999999999,45.66,46.01,44.25
2025-07-15 08:00:00,45.66,51.84,1.78,132.96,4.17,516.33,3,1,15,7,44.24,43.6,44.19,51.88,60.78428571428571,46.01,44.25,42.35
2025-07-15 09:00:00,46.01,51.69,1.77,132.48,3.89,510.24,3,1,15,7,45.66,44.24,43.6,48.99285714285714,58.991428571428564,44.25,42.35,40.63
2025-07-15 10:00:00,44.25,49.53,1.8,132.19,3.63,498.52,3,1,15,7,46.01,45.66,44.24,45.94285714285714,57.07142857142857,42.35,40.63,40.57
2025-07-15 11:00:00,42.35,47.49,1.97,132.64,3.75,485.25,3,1,15,7,44.25,46.01,45.66,44.32857142857143,55.04571428571428,40.63,40.57,41.87
2025-07-15 12:00:00,40.63,45.83,2.34,132.6,3.98,474.38,3,1,15,7,42.35,44.25,46.01,43.82,52.95357142857142,40.57,41.87,42.99
2025-07-15 13:00:00,40.57,46.77,3.57,126.4,4.24,479.61,3,1,15,7,40.63,42.35,44.25,43.387142857142855,50.90714285714286,41.87,42.99,43.87
2025-07-15 14:00:00,41.87,49.7,5.25,115.62,4.6,496.72,3,1,15,7,40.57,40.63,42.35,43.048571428571435,49.005,42.99,43.87,45.17
2025-07-15 15:00:00,42.99,52.36,6.07,107.99,4.98,512.65,3,1,15,7,41.87,40.57,40.63,42.667142857142856,47.27357142857143,43.87,45.17,46.37
2025-07-15 16:00:00,43.87,54.98,6.59,101.13,5.18,524.83,3,1,15,7,42.99,41.87,40.57,42.36142857142857,45.67714285714286,45.17,46.37,46.88
2025-07-15 17:00:00,45.17,58.2,7.13,93.82,5.15,541.83,3,1,15,7,43.87,42.99,41.87,42.49285714285714,44.21785714285714,46.37,46.88,47.25
2025-07-15 18:00:00,46.37,61.27,7.58,87.01,4.92,557.75,3,1,15,7,45.17,43.87,42.99,43.06714285714286,43.69785714285714,46.88,47.25,47.3
2025-07-15 19:00:00,46.88,63.45,7.61,80.78,4.53,560.53,3,1,15,7,46.37,45.17,43.87,43.96,43.89,47.25,47.3,46.79
2025-07-15 20:00:00,47.25,65.43,7.27,76.52,4.26,560.58,3,1,15,7,46.88,46.37,45.17,44.91428571428572,44.15071428571429,47.3,46.79,46.51
2025-07-15 21:00:00,47.3,66.9,6.86,73.1,4.15,559.48,3,1,15,7,47.25,46.88,46.37,45.690000000000005,44.369285714285716,46.79,46.51,46.49
2025-07-15 22:00:00,46.79,67.44,6.65,69.08,4.03,556.94,3,1,15,7,47.3,47.25,46.88,46.23285714285714,44.45,46.51,46.49,46.49
2025-07-15 23:00:00,46.51,68.09,6.77,64.08,3.74,560.49,3,1,15,7,46.79,47.3,47.25,46.61,44.48571428571428,46.49,46.49,46.7
2025-07-16 00:00:00,46.49,69.21,6.96,59.48,3.48,565.86,3,2,16,7,46.51,46.79,47.3,46.79857142857143,44.645714285714284,46.49,46.7,47.05
2025-07-16 01:00:00,46.49,70.58,7.17,55.58,3.34,571.13,3,2,16,7,46.49,46.51,46.79,46.815714285714286,44.941428571428574,46.7,47.05,46.82
2025-07-16 02:00:00,46.7,72.58,7.65,52.98,3.45,585.86,3,2,16,7,46.49,46.49,46.51,46.79,45.375,47.05,46.82,48.9
2025-07-16 03:00:00,47.05,75.43,7.36,58.98,3.88,592.38,3,2,16,7,46.7,46.49,46.49,46.76142857142857,45.837857142857146,46.82,48.9,54.11
2025-07-16 04:00:00,46.82,77.92,5.1,84.39,4.56,545.26,3,2,16,7,47.05,46.7,46.49,46.692857142857136,46.19142857142857,48.9,54.11,47.25
2025-07-16 05:00:00,48.9,79.2,3.53,105.22,4.27,519.77,3,2,16,7,46.82,47.05,46.7,46.994285714285716,46.613571428571426,54.11,47.25,39.04
2025-07-16 06:00:00,54.11,83.26,2.31,125.19,4.1,506.85,4,2,16,7,48.9,46.82,47.05,48.08,47.34499999999999,47.25,39.04,37.04
2025-07-16 07:00:00,47.25,69.62,1.34,131.62,2.78,452.06,3,2,16,7,54.11,48.9,46.82,48.18857142857143,47.49357142857143,39.04,37.04,37.41
2025-07-16 08:00:00,39.04,58.15,1.03,124.74,1.72,400.09,3,2,16,7,47.25,54.11,48.9,47.12428571428571,46.970000000000006,37.04,37.41,38.79
2025-07-16 09:00:00,37.04,56.91,1.04,120.87,1.38,379.62,3,2,16,7,39.04,47.25,54.11,45.744285714285716,46.26714285714286,37.41,38.79,40.26
2025-07-16 10:00:00,37.41,59.77,1.18,119.55,1.16,375.07,3,2,16,7,37.04,39.04,47.25,44.36714285714286,45.56428571428571,38.79,40.26,42.53
2025-07-16 11:00:00,38.79,64.79,1.4,117.92,1.01,374.09,3,2,16,7,37.41,37.04,39.04,43.220000000000006,44.95642857142857,40.26,42.53,45.34
2025-07-16 12:00:00,40.26,70.79,1.8,116.25,0.89,375.67,3,2,16,7,38.79,37.41,37.04,41.98571428571428,44.49,42.53,45.34,48.06
2025-07-16 13:00:00,42.53,76.18,3.93,102.41,0.89,405.75,3,2,16,7,40.26,38.79,37.41,40.33142857142857,44.205714285714286,45.34,48.06,50.13
2025-07-16 14:00:00,45.34,80.74,6.86,84.47,0.99,456.55,3,2,16,7,42.53,40.26,38.79,40.058571428571426,44.12357142857143,48.06,50.13,52.42
2025-07-16 15:00:00,48.06,85.81,8.4,74.15,1.09,499.48,3,2,16,7,45.34,42.53,40.26,41.347142857142856,44.23571428571428,50.13,52.42,54.46
2025-07-16 16:00:00,50.13,89.82,9.5,65.89,1.15,533.55,4,2,16,7,48.06,45.34,42.53,43.21714285714285,44.480714285714285,52.42,54.46,55.53
2025-07-16 17:00:00,52.42,94.14,10.34,56.39,1.12,570.13,4,2,16,7,50.13,48.06,45.34,45.361428571428576,44.864285714285714,54.46,55.53,56.8
2025-07-16 18:00:00,54.46,99.24,10.9,48.14,1.03,595.38,4,2,16,7,52.42,50.13,48.06,47.60000000000001,45.410000000000004,55.53,56.8,58.09
2025-07-16 19:00:00,55.53,105.61,10.79,42.57,0.86,594.8,4,2,16,7,54.46,52.42,50.13,49.78142857142858,45.88357142857142,56.8,58.09,58.75
2025-07-16 20:00:00,56.8,115.79,10.19,40.45,0.74,580.01,4,2,16,7,55.53,54.46,52.42,51.82,46.07571428571429,58.09,58.75,59.18
2025-07-16 21:00:00,58.09,128.73,9.45,40.12,0.67,556.82,4,2,16,7,56.8,55.53,54.46,53.64142857142857,46.85000000000001,58.75,59.18,59.16
2025-07-16 22:00:00,58.75,145.3,8.36,42.71,0.64,513.42,4,2,16,7,58.09,56.8,55.53,55.16857142857143,48.25785714285714,59.18,59.16,58.71
2025-07-16 23:00:00,59.18,155.62,7.96,42.25,0.68,478.98,4,2,16,7,58.75,58.09,56.8,56.46142857142858,49.839285714285715,59.16,58.71,58.64
2025-07-17 00:00:00,59.16,160.85,7.96,41.34,0.82,452.88,4,3,17,7,59.18,58.75,58.09,57.424285714285716,51.392857142857146,58.71,58.64,58.71
2025-07-17 01:00:00,58.71,162.97,8.1,40.53,1.05,437.16,4,3,17,7,59.16,59.18,58.75,58.03142857142857,52.815714285714286,58.64,58.71,54.94
2025-07-17 02:00:00,58.64,164.54,8.31,39.33,1.44,448.62,4,3,17,7,58.71,59.16,59.18,58.47571428571428,54.128571428571426,58.71,54.94,54.2
2025-07-17 03:00:00,58.71,167.2,7.78,43.66,2.21,473.28,4,3,17,7,58.64,58.71,59.16,58.74857142857143,55.284285714285716,54.94,54.2,58.04
2025-07-17 04:00:00,54.94,167.35,4.87,73.96,5.13,385.22,4,3,17,7,58.71,58.64,58.71,58.298571428571435,55.96999999999999,54.2,58.04,58.79
2025-07-17 05:00:00,54.2,155.01,3.51,93.78,6.14,369.77,4,3,17,7,54.94,58.71,58.64,57.64857142857143,56.40857142857143,58.04,58.79,57.7
2025-07-17 06:00:00,58.04,150.15,2.47,111.91,6.47,369.79,4,3,17,7,54.2,54.94,58.71,57.48571428571428,56.973571428571425,58.79,57.7,55.55
2025-07-17 07:00:00,58.79,151.21,1.62,120.2,6.09,333.1,4,3,17,7,58.04,54.2,54.94,57.43285714285714,57.42857142857143,57.7,55.55,53.79
2025-07-17 08:00:00,57.7,151.33,1.33,119.2,5.39,301.49,4,3,17,7,58.79,58.04,54.2,57.28857142857142,57.660000000000004,55.55,53.79,53.68
2025-07-17 09:00:00,55.55,146.1,1.32,117.06,4.89,285.63,4,3,17,7,57.7,58.79,58.04,56.847142857142856,57.66142857142858,53.79,53.68,53.73
2025-07-17 10:00:00,53.79,139.73,2.15,107.66,4.18,289.98,4,3,17,7,55.55,57.7,58.79,56.144285714285715,57.44642857142857,53.68,53.73,55.58
2025-07-17 11:00:00,53.68,137.16,3.49,97.33,3.6,310.45,4,3,17,7,53.79,55.55,57.7,55.964285714285715,57.131428571428565,53.73,55.58,58.68
2025-07-17 12:00:00,53.73,136.44,5.1,91.78,3.32,333.65,4,3,17,7,53.68,53.79,55.55,55.89714285714285,56.77285714285714,55.58,58.68,61.71
2025-07-17 13:00:00,55.58,138.17,8.56,80.66,3.1,385.79,4,3,17,7,53.73,53.68,53.79,55.54571428571429,56.51571428571429,58.68,61.71,63.63
2025-07-17 14:00:00,58.68,140.42,11.68,64.05,2.77,452.31,4,3,17,7,55.58,53.73,53.68,55.529999999999994,56.48142857142857,61.71,63.63,65.27
2025-07-17 15:00:00,61.71,142.81,13.16,51.89,2.44,505.58,4,3,17,7,58.68,55.58,53.73,56.10285714285715,56.69571428571429,63.63,65.27,65.93
2025-07-17 16:00:00,63.63,144.13,13.65,44.57,2.12,535.8,4,3,17,7,61.71,58.68,55.58,57.25714285714286,57.05214285714286,65.27,65.93,63.59
2025-07-17 17:00:00,65.27,147.23,13.5,40.83,1.85,554.02,4,3,17,7,63.63,61.71,58.68,58.89714285714285,57.520714285714284,65.93,63.59,61.66
2025-07-17 18:00:00,65.93,152.03,13.03,39.76,1.58,551.58,4,3,17,7,65.27,63.63,61.71,60.64714285714285,58.30571428571428,63.59,61.66,60.05
2025-07-17 19:00:00,63.59,159.2,11.17,43.56,1.39,495.74,4,3,17,7,65.93,65.27,63.63,62.05571428571428,58.97642857142857,61.66,60.05,58.04
2025-07-17 20:00:00,61.66,159.3,10.25,40.99,1.14,463.92,4,3,17,7,63.59,65.93,65.27,62.92428571428571,59.235,60.05,58.04,56.51
2025-07-17 21:00:00,60.05,157.52,9.91,37.41,0.98,449.89,4,3,17,7,61.66,63.59,65.93,63.120000000000005,59.324999999999996,58.04,56.51,55.81
2025-07-17 22:00:00,58.04,150.57,9.78,34.76,1.1,442.62,4,3,17,7,60.05,61.66,63.59,62.59571428571428,59.34928571428571,56.51,55.81,53.97
2025-07-17 23:00:00,56.51,142.05,9.52,33.38,1.34,442.34,4,3,17,7,58.04,60.05,61.66,61.57857142857142,59.41785714285714,55.81,53.97,54.02
2025-07-18 00:00:00,55.81,134.8,9.36,32.9,1.55,455.25,4,4,18,7,56.51,58.04,60.05,60.22714285714286,59.56214285714286,53.97,54.02,54.22
2025-07-18 01:00:00,53.97,126.28,7.56,39.21,2.26,450.71,4,4,18,7,55.81,56.51,58.04,58.51857142857143,59.58285714285715,54.02,54.22,53.91
2025-07-18 02:00:00,54.02,120.11,7.76,39.73,2.74,491.22,4,4,18,7,53.97,55.81,56.51,57.15142857142856,59.603571428571435,54.22,53.91,52.67
2025-07-18 03:00:00,54.22,115.04,8.81,39.58,3.17,552.59,4,4,18,7,54.02,53.97,55.81,56.08857142857143,59.506428571428565,53.91,52.67,51.56
2025-07-18 04:00:00,53.91,108.91,9.35,43.92,3.84,613.01,4,4,18,7,54.22,54.02,53.97,55.21142857142856,59.16571428571429,52.67,51.56,37.59
2025-07-18 05:00:00,52.67,99.83,9.57,48.1,4.57,658.67,4,4,18,7,53.91,54.22,54.02,54.44428571428572,58.519999999999996,51.56,37.59,27.03
2025-07-18 06:00:00,51.56,91.87,9.64,53.04,5.41,695.57,4,4,18,7,52.67,53.91,54.22,53.737142857142864,57.65785714285715,37.59,27.03,22.88
2025-07-18 07:00:00,37.59,64.1,6.9,74.67,4.73,653.46,3,4,18,7,51.56,52.67,53.91,51.134285714285724,55.68071428571428,27.03,22.88,20.53
2025-07-18 08:00:00,27.03,44.91,4.89,87.66,3.46,614.44,3,4,18,7,37.59,51.56,52.67,47.285714285714285,52.902142857142856,22.88,20.53,20.16
2025-07-18 09:00:00,22.88,36.51,4.03,95.94,3.0,609.44,2,4,18,7,27.03,37.59,51.56,42.83714285714286,49.994285714285716,20.53,20.16,20.4
2025-07-18 10:00:00,20.53,31.08,3.72,102.76,2.75,617.47,3,4,18,7,22.88,27.03,37.59,38.02428571428572,47.05642857142857,20.16,20.4,21.82
2025-07-18 11:00:00,20.16,29.88,4.19,102.79,2.75,625.52,3,4,18,7,20.53,22.88,27.03,33.20285714285715,44.207142857142856,20.4,21.82,24.43
2025-07-18 12:00:00,20.4,30.8,5.02,100.53,2.82,631.1,3,4,18,7,20.16,20.53,22.88,28.592857142857145,41.51857142857143,21.82,24.43,27.02
2025-07-18 13:00:00,21.82,34.29,6.84,92.31,2.84,650.89,2,4,18,7,20.4,20.16,20.53,24.344285714285718,39.04071428571429,24.43,27.02,29.4
2025-07-18 14:00:00,24.43,39.46,9.02,79.48,2.75,685.03,2,4,18,7,21.82,20.4,20.16,22.464285714285715,36.79928571428571,27.02,29.4,31.75
2025-07-18 15:00:00,27.02,44.4,10.35,69.31,2.6,714.82,3,4,18,7,24.43,21.82,20.4,22.462857142857143,34.87428571428571,29.4,31.75,33.7
2025-07-18 16:00:00,29.4,49.86,10.75,61.73,2.35,723.97,3,4,18,7,27.02,24.43,21.82,23.39428571428572,33.11571428571428,31.75,33.7,35.09
2025-07-18 17:00:00,31.75,56.65,10.45,57.52,2.11,717.95,3,4,18,7,29.4,27.02,24.43,24.997142857142858,31.510714285714283,33.7,35.09,36.59
2025-07-18 18:00:00,33.7,64.51,9.84,55.48,1.84,694.09,3,4,18,7,31.75,29.4,27.02,26.93142857142857,30.067142857142862,35.09,36.59,37.87
2025-07-18 19:00:00,35.09,72.84,8.97,53.69,1.48,650.88,3,4,18,7,33.7,31.75,29.4,29.03,28.81142857142857,36.59,37.87,38.69
2025-07-18 20:00:00,36.59,80.51,8.36,49.65,1.12,618.04,3,4,18,7,35.09,33.7,31.75,31.139999999999997,27.742142857142856,37.87,38.69,39.26
2025-07-18 21:00:00,37.87,88.13,7.82,46.1,0.87,586.14,3,4,18,7,36.59,35.09,33.7,33.06,27.762142857142855,38.69,39.26,39.56
2025-07-18 22:00:00,38.69,93.68,7.45,43.02,0.71,558.85,3,4,18,7,37.87,36.59,35.09,34.72714285714286,28.595,39.26,39.56,39.14
2025-07-18 23:00:00,39.26,97.49,7.11,40.86,0.62,535.4,3,4,18,7,38.69,37.87,36.59,36.135714285714286,29.765000000000004,39.56,39.14,39.12
2025-07-19 00:00:00,39.56,100.02,6.78,39.21,0.57,514.15,4,5,19,7,39.26,38.69,37.87,37.25142857142857,31.124285714285715,39.14,39.12,40.34
2025-07-19 01:00:00,39.14,98.57,6.55,36.71,0.59,495.09,3,5,19,7,39.56,39.26,38.69,38.028571428571425,32.480000000000004,39.12,40.34,41.64
2025-07-19 02:00:00,39.12,96.62,6.74,33.12,0.71,499.04,3,5,19,7,39.14,39.56,39.26,38.604285714285716,33.817142857142855,40.34,41.64,43.84
2025-07-19 03:00:00,40.34,96.93,6.63,34.43,0.99,519.96,3,5,19,7,39.12,39.14,39.56,39.14,35.14,41.64,43.84,52.25
2025-07-19 04:00:00,41.64,89.64,5.85,50.44,2.07,508.71,3,5,19,7,40.34,39.12,39.14,39.67857142857143,36.36928571428571,43.84,52.25,43.12
2025-07-19 05:00:00,43.84,83.0,4.59,66.98,2.36,489.67,3,5,19,7,41.64,40.34,39.12,40.41428571428571,37.57071428571429,52.25,43.12,33.31
2025-07-19 06:00:00,52.25,88.91,2.98,91.1,2.62,453.46,4,5,19,7,43.84,41.64,40.34,42.269999999999996,39.20285714285715,43.12,33.31,29.7
2025-07-19 07:00:00,43.12,68.84,1.26,105.32,3.08,323.61,3,5,19,7,52.25,43.84,41.64,42.778571428571425,40.015,33.31,29.7,28.29
2025-07-19 08:00:00,33.31,47.14,0.88,104.16,2.63,281.46,3,5,19,7,43.12,52.25,43.84,41.94571428571429,39.98714285714285,29.7,28.29,28.16
2025-07-19 09:00:00,29.7,38.46,0.81,105.61,2.51,271.23,3,5,19,7,33.31,43.12,52.25,40.6,39.60214285714286,28.29,28.16,28.42
2025-07-19 10:00:00,28.29,34.71,0.85,108.65,2.58,270.61,3,5,19,7,29.7,33.31,43.12,38.87857142857143,39.00928571428572,28.16,28.42,29.64
2025-07-19 11:00:00,28.16,34.18,1.0,110.33,2.69,272.25,3,5,19,7,28.29,29.7,33.31,36.95285714285715,38.31571428571429,28.42,29.64,31.73
2025-07-19 12:00:00,28.42,35.01,1.31,111.08,2.75,276.43,3,5,19,7,28.16,28.29,29.7,34.75,37.582142857142856,29.64,31.73,33.89
2025-07-19 13:00:00,29.64,37.32,2.82,99.43,2.66,300.65,3,5,19,7,28.42,28.16,28.29,31.52,36.895,31.73,33.89,35.61
2025-07-19 14:00:00,31.73,40.91,5.03,84.73,2.61,340.19,3,5,19,7,29.64,28.42,28.16,29.892857142857142,36.33571428571428,33.89,35.61,37.81
2025-07-19 15:00:00,33.89,44.84,6.41,75.57,2.62,376.06,3,5,19,7,31.73,29.64,28.42,29.975714285714282,35.96071428571428,35.61,37.81,40.0
2025-07-19 16:00:00,35.61,48.65,7.27,69.13,2.51,399.69,3,5,19,7,33.89,31.73,29.64,30.82,35.71,37.81,40.0,41.33
2025-07-19 17:00:00,37.81,53.04,7.91,63.3,2.28,425.65,3,5,19,7,35.61,33.89,31.73,32.18,35.52928571428571,40.0,41.33,42.57
2025-07-19 18:00:00,40.0,57.03,8.53,57.68,2.02,449.25,3,5,19,7,37.81,35.61,33.89,33.871428571428574,35.41214285714286,41.33,42.57,43.69
2025-07-19 19:00:00,41.33,59.66,8.81,52.27,1.7,459.55,3,5,19,7,40.0,37.81,35.61,35.715714285714284,35.23285714285714,42.57,43.69,44.29
2025-07-19 20:00:00,42.57,61.94,8.76,48.63,1.45,467.11,3,5,19,7,41.33,40.0,37.81,37.56285714285714,34.54142857142857,43.69,44.29,45.02
2025-07-19 21:00:00,43.69,63.62,8.61,46.48,1.31,471.73,3,5,19,7,42.57,41.33,40.0,39.271428571428565,34.582142857142856,44.29,45.02,45.65
2025-07-19 22:00:00,44.29,64.57,8.18,46.73,1.28,468.6,3,5,19,7,43.69,42.57,41.33,40.75714285714286,35.36642857142857,45.02,45.65,45.93
2025-07-19 23:00:00,45.02,66.48,7.89,45.43,1.25,468.21,3,5,19,7,44.29,43.69,42.57,42.10142857142857,36.46071428571428,45.65,45.93,46.45
2025-07-20 00:00:00,45.65,70.1,7.46,45.11,1.27,463.52,3,6,20,7,45.02,44.29,43.69,43.22142857142857,37.700714285714284,45.93,46.45,47.65
2025-07-20 01:00:00,45.93,75.63,6.68,46.64,1.38,451.71,3,6,20,7,45.65,45.02,44.29,44.068571428571424,38.970000000000006,46.45,47.65,50.0
2025-07-20 02:00:00,46.45,82.91,5.9,48.31,1.47,445.36,3,6,20,7,45.93,45.65,45.02,44.800000000000004,40.25785714285714,47.65,50.0,52.98
2025-07-20 03:00:00,47.65,93.21,4.75,55.92,1.59,437.33,3,6,20,7,46.45,45.93,45.65,45.52571428571429,41.54428571428571,50.0,52.98,54.38
2025-07-20 04:00:00,50.0,107.3,3.38,74.35,1.73,412.51,4,6,20,7,47.65,46.45,45.93,46.42714285714286,42.84928571428572,52.98,54.38,39.04
2025-07-20 05:00:00,52.98,114.25,2.33,91.08,1.72,394.83,4,6,20,7,50.0,47.65,46.45,47.66857142857143,44.21285714285714,54.38,39.04,30.6
2025-07-20 06:00:00,54.38,114.4,1.69,102.74,1.72,379.49,4,6,20,7,52.98,50.0,47.65,49.00571428571429,45.55357142857143,39.04,30.6,26.5
2025-07-20 07:00:00,39.04,80.8,1.01,105.49,1.71,318.63,3,6,20,7,54.38,52.98,50.0,48.061428571428564,45.64142857142857,30.6,26.5,22.54
2025-07-20 08:00:00,30.6,59.82,0.89,101.81,1.33,293.08,3,6,20,7,39.04,54.38,52.98,45.871428571428574,44.96999999999999,26.5,22.54,19.16
2025-07-20 09:00:00,26.5,50.54,0.95,97.88,1.03,283.2,3,6,20,7,30.6,39.04,54.38,43.021428571428565,43.910714285714285,22.54,19.16,16.55
2025-07-20 10:00:00,22.54,43.65,1.09,93.11,0.81,272.93,2,6,20,7,26.5,30.6,39.04,39.434285714285714,42.480000000000004,19.16,16.55,16.08
2025-07-20 11:00:00,19.16,39.53,1.29,87.22,0.62,261.31,2,6,20,7,22.54,26.5,30.6,35.028571428571425,40.72785714285714,16.55,16.08,17.27
2025-07-20 12:00:00,16.55,37.81,1.59,81.65,0.44,250.26,2,6,20,7,19.16,22.54,26.5,29.824285714285715,38.746428571428574,16.08,17.27,18.97
2025-07-20 13:00:00,16.08,40.75,2.86,71.9,0.38,256.57,2,6,20,7,16.55,19.16,22.54,24.35285714285714,36.67928571428571,17.27,18.97,20.8
2025-07-20 14:00:00,17.27,46.41,4.61,60.99,0.43,278.46,2,6,20,7,16.08,16.55,19.16,21.24285714285714,34.65214285714286,18.97,20.8,23.17
2025-07-20 15:00:00,18.97,52.35,5.66,54.42,0.49,301.0,3,6,20,7,17.27,16.08,16.55,19.58142857142857,32.72642857142857,20.8,23.17,25.95
2025-07-20 16:00:00,20.8,58.87,6.04,50.98,0.52,314.25,3,6,20,7,18.97,17.27,16.08,18.767142857142858,30.89428571428571,23.17,25.95,28.88
2025-07-20 17:00:00,23.17,66.95,5.93,49.52,0.51,325.2,3,6,20,7,20.8,18.97,17.27,18.857142857142858,29.145714285714288,25.95,28.88,31.91
2025-07-20 18:00:00,25.95,75.79,5.58,49.75,0.48,334.46,3,6,20,7,23.17,20.8,18.97,19.827142857142857,27.427857142857142,28.88,31.91,34.45
2025-07-20 19:00:00,28.88,85.91,4.58,53.53,0.43,335.43,3,6,20,7,25.95,23.17,20.8,21.58857142857143,25.70642857142857,31.91,34.45,36.16
2025-07-20 20:00:00,31.91,95.14,4.17,55.04,0.45,345.6,3,6,20,7,28.88,25.95,23.17,23.85,24.101428571428567,34.45,36.16,37.66
2025-07-20 21:00:00,34.45,103.28,3.89,55.44,0.47,354.43,4,6,20,7,31.91,28.88,25.95,26.304285714285715,23.773571428571433,36.16,37.66,39.14
2025-07-20 22:00:00,36.16,110.05,3.61,56.06,0.52,357.06,4,6,20,7,34.45,31.91,28.88,28.759999999999998,24.170714285714286,37.66,39.14,40.43
2025-07-20 23:00:00,37.66,117.37,3.38,56.67,0.59,356.93,4,6,20,7,36.16,34.45,31.91,31.16857142857143,24.967857142857145,39.14,40.43,41.87
2025-07-21 00:00:00,39.14,125.83,3.2,56.94,0.66,352.72,4,0,21,7,37.66,36.16,34.45,33.45,26.15357142857143,40.43,41.87,43.44
2025-07-21 01:00:00,40.43,135.32,3.06,56.05,0.73,342.67,4,0,21,7,39.14,37.66,36.16,35.51857142857143,27.672857142857143,41.87,43.44,42.51
2025-07-21 02:00:00,41.87,145.55,3.11,54.41,0.79,334.64,4,0,21,7,40.43,39.14,37.66,37.37428571428571,29.481428571428573,43.44,42.51,40.34
2025-07-21 03:00:00,43.44,155.34,2.93,54.92,0.81,325.49,4,0,21,7,41.87,40.43,39.14,39.021428571428565,31.435714285714287,42.51,40.34,38.52
2025-07-21 04:00:00,42.51,150.95,2.44,60.27,0.84,296.43,4,0,21,7,43.44,41.87,40.43,40.17285714285714,33.238571428571426,40.34,38.52,27.72
2025-07-21 05:00:00,40.34,138.34,1.99,61.8,0.71,273.98,4,0,21,7,42.51,43.44,41.87,40.769999999999996,34.765,38.52,27.72,19.13
2025-07-21 06:00:00,38.52,127.15,1.6,63.06,0.56,256.51,4,0,21,7,40.34,42.51,43.44,40.892857142857146,36.03071428571429,27.72,19.13,15.64
2025-07-21 07:00:00,27.72,85.87,1.11,70.77,0.42,247.07,3,0,21,7,38.52,40.34,42.51,39.26142857142857,36.355714285714285,19.13,15.64,14.57
2025-07-21 08:00:00,19.13,55.86,0.93,73.9,0.28,244.31,3,0,21,7,27.72,38.52,40.34,36.21857142857143,35.86857142857143,15.64,14.57,14.89
2025-07-21 09:00:00,15.64,44.46,0.88,73.95,0.23,238.6,2,0,21,7,19.13,27.72,38.52,32.471428571428575,34.92285714285715,14.57,14.89,15.46
2025-07-21 10:00:00,14.57,41.5,1.03,73.19,0.23,237.3,2,0,21,7,15.64,19.13,27.72,28.34714285714286,33.684285714285714,14.89,15.46,17.02
2025-07-21 11:00:00,14.89,43.36,1.52,70.08,0.28,237.98,2,0,21,7,14.57,15.64,19.13,24.40142857142857,32.287142857142854,15.46,17.02,19.47
2025-07-21 12:00:00,15.46,46.57,2.21,67.08,0.33,242.0,2,0,21,7,14.89,14.57,15.64,20.84714285714286,30.80857142857143,17.02,19.47,22.1
2025-07-21 13:00:00,17.02,52.72,4.03,61.01,0.45,264.51,3,0,21,7,15.46,14.89,14.57,17.775714285714287,29.334285714285716,19.47,22.1,24.46
2025-07-21 14:00:00,19.47,60.67,6.28,52.57,0.61,301.17,3,0,21,7,17.02,15.46,14.89,16.59714285714286,27.929285714285715,22.1,24.46,26.8
2025-07-21 15:00:00,22.1,68.43,7.64,46.63,0.74,332.88,3,0,21,7,19.47,17.02,15.46,17.021428571428572,26.62,24.46,26.8,28.58
2025-07-21 16:00:00,24.46,75.41,8.14,42.72,0.78,347.83,3,0,21,7,22.1,19.47,17.02,18.28142857142857,25.37642857142857,26.8,28.58,29.19
2025-07-21 17:00:00,26.8,83.19,7.73,41.81,0.77,344.31,3,0,21,7,24.46,22.1,19.47,20.02857142857143,24.187857142857144,28.58,29.19,29.61
2025-07-21 18:00:00,28.58,91.48,6.58,43.79,0.7,315.95,3,0,21,7,26.8,24.46,22.1,21.98428571428571,23.192857142857143,29.19,29.61,29.7
2025-07-21 19:00:00,29.19,100.75,4.27,50.02,0.61,250.96,4,0,21,7,28.58,26.8,24.46,23.945714285714285,22.396428571428572,29.61,29.7,29.38
2025-07-21 20:00:00,29.61,105.46,3.44,51.33,0.61,216.8,4,0,21,7,29.19,28.58,26.8,25.744285714285716,21.759999999999998,29.7,29.38,29.0
2025-07-21 21:00:00,29.7,108.9,2.94,51.92,0.74,192.58,4,0,21,7,29.61,29.19,28.58,27.205714285714286,21.90142857142857,29.38,29.0,28.59
2025-07-21 22:00:00,29.38,111.03,2.6,52.39,1.07,172.59,4,0,21,7,29.7,29.61,29.19,28.245714285714282,22.63357142857143,29.0,28.59,28.33
2025-07-21 23:00:00,29.0,112.65,2.43,52.85,1.44,158.47,4,0,21,7,29.38,29.7,29.61,28.89428571428571,23.58785714285714,28.59,28.33,28.87
2025-07-22 00:00:00,28.59,114.02,2.3,53.74,1.73,148.56,4,1,22,7,29.0,29.38,29.7,29.15,24.589285714285715,28.33,28.87,30.59
2025-07-22 01:00:00,28.33,115.24,2.25,54.27,2.04,144.56,4,1,22,7,28.59,29.0,29.38,29.114285714285717,25.549285714285713,28.87,30.59,34.09
2025-07-22 02:00:00,28.87,117.57,2.46,53.86,2.46,151.39,4,1,22,7,28.33,28.59,29.0,29.06857142857143,26.50714285714286,30.59,34.09,39.93
2025-07-22 03:00:00,30.59,121.28,2.55,54.75,2.94,165.72,4,1,22,7,28.87,28.33,28.59,29.208571428571428,27.476428571428567,34.09,39.93,46.38
2025-07-22 04:00:00,34.09,127.51,2.33,61.25,3.43,179.13,4,1,22,7,30.59,28.87,28.33,29.83571428571429,28.520714285714288,39.93,46.38,39.17
2025-07-22 05:00:00,39.93,135.87,1.91,72.17,3.97,186.68,4,1,22,7,34.09,30.59,28.87,31.342857142857145,29.794285714285714,46.38,39.17,33.36
2025-07-22 06:00:00,46.38,142.82,1.48,83.55,4.55,186.95,4,1,22,7,39.93,34.09,30.59,33.825714285714284,31.360000000000003,39.17,33.36,32.08
2025-07-22 07:00:00,39.17,108.56,0.93,90.55,3.61,175.19,4,1,22,7,46.38,39.93,34.09,35.33714285714286,32.24357142857143,33.36,32.08,32.02
2025-07-22 08:00:00,33.36,87.13,0.71,90.42,2.69,169.26,3,1,22,7,39.17,46.38,39.93,36.05571428571428,32.585,32.08,32.02,32.57
2025-07-22 09:00:00,32.08,83.03,0.66,89.33,2.38,164.46,3,1,22,7,33.36,39.17,46.38,36.51428571428571,32.791428571428575,32.02,32.57,32.24
2025-07-22 10:00:00,32.02,83.48,0.69,88.66,2.27,161.91,3,1,22,7,32.08,33.36,39.17,36.71857142857142,32.96357142857143,32.57,32.24,31.52
2025-07-22 11:00:00,32.57,86.96,0.85,87.05,2.27,159.08,3,1,22,7,32.02,32.08,33.36,36.501428571428576,33.16857142857143,32.24,31.52,30.8
2025-07-22 12:00:00,32.24,89.62,1.16,84.03,2.24,157.64,3,1,22,7,32.57,32.02,32.08,35.402857142857144,33.37285714285714,31.52,30.8,29.91
2025-07-22 13:00:00,31.52,92.24,1.67,79.95,2.19,158.97,3,1,22,7,32.24,32.57,32.02,33.279999999999994,33.55285714285714,30.8,29.91,28.67
2025-07-22 14:00:00,30.8,95.27,2.2,75.18,2.17,160.02,3,1,22,7,31.52,32.24,32.57,32.08428571428571,33.71071428571428,29.91,28.67,27.83
2025-07-22 15:00:00,29.91,97.56,2.38,70.79,2.15,159.01,3,1,22,7,30.8,31.52,32.24,31.591428571428573,33.823571428571434,28.67,27.83,27.34
2025-07-22 16:00:00,28.67,98.46,2.25,66.82,1.98,154.08,3,1,22,7,29.91,30.8,31.52,31.104285714285716,33.809285714285714,27.83,27.34,27.12
2025-07-22 17:00:00,27.83,99.64,2.04,65.21,1.85,149.76,3,1,22,7,28.67,29.91,30.8,30.505714285714284,33.612142857142864,27.34,27.12,27.72
2025-07-22 18:00:00,27.34,100.13,1.85,66.04,1.83,146.37,4,1,22,7,27.83,28.67,29.91,29.75857142857143,33.13,27.12,27.72,28.69
2025-07-22 19:00:00,27.12,99.09,1.64,68.85,1.88,141.47,3,1,22,7,27.34,27.83,28.67,29.027142857142856,32.214999999999996,27.72,28.69,29.7
2025-07-22 20:00:00,27.72,99.63,1.5,72.61,2.06,139.67,3,1,22,7,27.12,27.34,27.83,28.484285714285715,30.882142857142856,28.69,29.7,30.77
2025-07-22 21:00:00,28.69,101.67,1.44,75.42,2.4,139.83,4,1,22,7,27.72,27.12,27.34,28.18285714285714,30.13357142857143,29.7,30.77,31.42
2025-07-22 22:00:00,29.7,104.67,1.5,76.28,3.04,142.7,4,1,22,7,28.69,27.72,27.12,28.15285714285714,29.872142857142858,30.77,31.42,31.27
2025-07-22 23:00:00,30.77,108.75,1.65,74.95,3.9,148.18,4,1,22,7,29.7,28.69,27.72,28.45285714285714,29.77857142857143,31.42,31.27,30.78
2025-07-23 00:00:00,31.42,112.23,1.88,70.48,4.69,153.61,4,2,23,7,30.77,29.7,28.69,28.965714285714284,29.735714285714288,31.27,30.78,30.25
2025-07-23 01:00:00,31.27,113.76,2.17,62.46,5.08,156.75,4,2,23,7,31.42,30.77,29.7,29.527142857142856,29.642857142857142,30.78,30.25,30.21
2025-07-23 02:00:00,30.78,114.48,2.64,53.33,5.11,159.88,4,2,23,7,31.27,31.42,30.77,30.05,29.53857142857143,30.25,30.21,31.53
2025-07-23 03:00:00,30.25,114.45,2.8,47.46,4.87,162.57,4,2,23,7,30.78,31.27,31.42,30.41142857142857,29.447857142857146,30.21,31.53,34.21
2025-07-23 04:00:00,30.21,114.61,2.43,48.49,4.45,161.55,4,2,23,7,30.25,30.78,31.27,30.62857142857143,29.405714285714286,31.53,34.21,34.15
2025-07-23 05:00:00,31.53,116.13,1.84,56.37,3.99,156.96,4,2,23,7,30.21,30.25,30.78,30.890000000000004,29.52142857142857,34.21,34.15,32.72
2025-07-23 06:00:00,34.21,118.9,1.31,65.6,3.55,151.9,4,2,23,7,31.53,30.21,30.25,31.381428571428575,29.91714285714286,34.15,32.72,31.91
2025-07-23 07:00:00,34.15,113.59,0.95,71.63,3.09,142.04,4,2,23,7,34.21,31.53,30.21,31.77142857142857,30.368571428571425,32.72,31.91,29.53
2025-07-23 08:00:00,32.72,107.09,0.78,73.45,2.65,131.21,4,2,23,7,34.15,34.21,31.53,31.978571428571428,30.752857142857145,31.91,29.53,26.94
2025-07-23 09:00:00,31.91,105.32,0.69,73.66,2.21,125.4,4,2,23,7,32.72,34.15,34.21,32.14,31.095,29.53,26.94,25.23
2025-07-23 10:00:00,29.53,100.95,0.65,71.5,1.67,123.88,4,2,23,7,31.91,32.72,34.15,32.037142857142854,31.224285714285717,26.94,25.23,24.2
2025-07-23 11:00:00,26.94,95.96,0.75,67.86,1.27,124.21,3,2,23,7,29.53,31.91,32.72,31.57,31.099285714285717,25.23,24.2,23.83
2025-07-23 12:00:00,25.23,92.98,1.01,64.73,1.07,124.81,3,2,23,7,26.94,29.53,31.91,30.669999999999998,30.779999999999998,24.2,23.83,23.97
2025-07-23 13:00:00,24.2,91.37,1.55,61.36,0.98,128.67,3,2,23,7,25.23,26.94,29.53,29.240000000000002,30.310714285714287,23.83,23.97,24.23
2025-07-23 14:00:00,23.83,91.11,2.09,58.67,0.98,133.19,3,2,23,7,24.2,25.23,26.94,27.76571428571429,29.768571428571427,23.97,24.23,24.83
2025-07-23 15:00:00,23.97,91.93,2.22,58.14,1.05,136.83,3,2,23,7,23.83,24.2,25.23,26.51571428571429,29.247142857142855,24.23,24.83,25.5
2025-07-23 16:00:00,24.23,92.19,2.13,58.89,1.15,137.94,3,2,23,7,23.97,23.83,24.2,25.41857142857143,28.779285714285713,24.83,25.5,25.89
2025-07-23 17:00:00,24.83,93.07,1.96,60.93,1.31,139.55,3,2,23,7,24.23,23.97,23.83,24.747142857142858,28.392142857142854,25.5,25.89,26.45
2025-07-23 18:00:00,25.5,94.24,1.79,63.63,1.46,140.39,3,2,23,7,24.83,24.23,23.97,24.541428571428575,28.055714285714284,25.89,26.45,26.99
2025-07-23 19:00:00,25.89,94.94,1.55,65.75,1.65,137.78,3,2,23,7,25.5,24.83,24.23,24.635714285714283,27.652857142857147,26.45,26.99,27.38
2025-07-23 20:00:00,26.45,97.6,1.49,66.43,1.96,138.27,3,2,23,7,25.89,25.5,24.83,24.957142857142856,27.09857142857143,26.99,27.38,27.87
2025-07-23 21:00:00,26.99,100.77,1.52,65.2,2.4,139.83,4,2,23,7,26.45,25.89,25.5,25.408571428571427,26.587142857142858,27.38,27.87,28.35
2025-07-23 22:00:00,27.38,102.89,1.64,61.77,2.89,142.38,4,2,23,7,26.99,26.45,25.89,25.895714285714284,26.205714285714286,27.87,28.35,28.48
2025-07-23 23:00:00,27.87,104.85,1.85,57.23,3.21,145.89,4,2,23,7,27.38,26.99,26.45,26.415714285714284,25.91714285714286,28.35,28.48,28.65
2025-07-24 00:00:00,28.35,107.19,2.05,52.42,3.3,148.73,4,3,24,7,27.87,27.38,26.99,26.918571428571425,25.83285714285714,28.48,28.65,28.81
2025-07-24 01:00:00,28.48,108.76,2.24,47.15,3.17,150.27,4,3,24,7,28.35,27.87,27.38,27.344285714285714,25.942857142857143,28.65,28.81,29.12
2025-07-24 02:00:00,28.65,110.68,2.58,42.22,3.05,154.91,4,3,24,7,28.48,28.35,27.87,27.73857142857143,26.187142857142856,28.81,29.12,29.97
2025-07-24 03:00:00,28.81,112.66,2.77,39.68,2.92,161.63,4,3,24,7,28.65,28.48,28.35,28.075714285714287,26.51642857142857,29.12,29.97,31.55
2025-07-24 04:00:00,29.12,115.35,2.48,42.48,2.74,163.98,4,3,24,7,28.81,28.65,28.48,28.38,26.89428571428571,29.97,31.55,29.32
2025-07-24 05:00:00,29.97,117.08,1.91,50.9,2.55,160.85,4,3,24,7,29.12,28.81,28.65,28.75,27.322857142857146,31.55,29.32,26.28
2025-07-24 06:00:00,31.55,117.17,1.34,61.49,2.39,154.5,4,3,24,7,29.97,29.12,28.81,29.275714285714287,27.845714285714283,29.32,26.28,24.63
2025-07-24 07:00:00,29.32,105.99,0.87,67.85,2.07,139.63,4,3,24,7,31.55,29.97,29.12,29.414285714285715,28.166428571428575,26.28,24.63,23.76
2025-07-24 08:00:00,26.28,97.37,0.72,68.67,1.58,131.83,3,3,24,7,29.32,31.55,29.97,29.099999999999998,28.22214285714286,24.63,23.76,22.9
2025-07-24 09:00:00,24.63,93.35,0.7,68.6,1.27,129.07,3,3,24,7,26.28,29.32,31.55,28.525714285714287,28.132142857142856,23.76,22.9,21.9
2025-07-24 10:00:00,23.76,92.44,0.79,68.43,1.08,130.35,3,3,24,7,24.63,26.28,29.32,27.80428571428572,27.939999999999998,22.9,21.9,21.9
2025-07-24 11:00:00,22.9,91.62,1.04,66.61,0.95,133.43,3,3,24,7,23.76,24.63,26.28,26.915714285714284,27.64785714285714,21.9,21.9,22.65
2025-07-24 12:00:00,21.9,90.07,1.48,63.74,0.87,137.82,3,3,24,7,22.9,23.76,24.63,25.762857142857143,27.256428571428568,21.9,22.65,23.7
2025-07-24 13:00:00,21.9,88.3,3.07,58.1,0.9,160.45,3,3,24,7,21.9,22.9,23.76,24.384285714285713,26.829999999999995,22.65,23.7,24.49
2025-07-24 14:00:00,22.65,87.44,5.16,51.56,0.97,193.45,3,3,24,7,21.9,21.9,22.9,23.431428571428572,26.422857142857143,23.7,24.49,25.47
2025-07-24 15:00:00,23.7,88.3,6.37,47.78,1.04,218.86,3,3,24,7,22.65,21.9,21.9,23.062857142857144,26.08142857142857,24.49,25.47,26.02
2025-07-24 16:00:00,24.49,89.59,6.92,45.28,1.06,232.7,3,3,24,7,23.7,22.65,21.9,23.042857142857144,25.784285714285716,25.47,26.02,25.64
2025-07-24 17:00:00,25.47,92.5,7.14,43.93,1.04,243.6,3,3,24,7,24.49,23.7,22.65,23.287142857142857,25.545714285714286,26.02,25.64,25.09
2025-07-24 18:00:00,26.02,94.69,7.13,43.34,0.95,247.08,3,3,24,7,25.47,24.49,23.7,23.732857142857142,25.324285714285715,25.64,25.09,24.71
2025-07-24 19:00:00,25.64,95.15,6.57,43.21,0.82,235.24,3,3,24,7,26.02,25.47,24.49,24.267142857142858,25.014999999999997,25.09,24.71,24.65
2025-07-24 20:00:00,25.09,96.3,5.59,43.98,0.74,214.98,3,3,24,7,25.64,26.02,25.47,24.722857142857144,24.553571428571427,24.71,24.65,25.91
2025-07-24 21:00:00,24.71,99.05,4.37,45.47,0.76,188.81,3,3,24,7,25.09,25.64,26.02,25.017142857142854,24.224285714285713,24.65,25.91,27.92
2025-07-24 22:00:00,24.65,105.06,2.83,49.33,1.13,154.05,4,3,24,7,24.71,25.09,25.64,25.15285714285714,24.107857142857142,25.91,27.92,30.2
2025-07-24 23:00:00,25.91,110.85,2.5,50.03,1.74,144.58,4,3,24,7,24.65,24.71,25.09,25.35571428571428,24.199285714285715,27.92,30.2,32.34
2025-07-25 00:00:00,27.92,117.66,2.45,50.25,2.52,142.92,4,4,25,7,25.91,24.65,24.71,25.705714285714286,24.49642857142857,30.2,32.34,34.14
2025-07-25 01:00:00,30.2,124.0,2.52,49.84,3.44,145.83,4,4,25,7,27.92,25.91,24.65,26.302857142857142,25.017857142857142,32.34,34.14,36.14
2025-07-25 02:00:00,32.34,130.6,2.84,48.39,4.31,155.54,4,4,25,7,30.2,27.92,25.91,27.259999999999998,25.763571428571428,34.14,36.14,39.24
2025-07-25 03:00:00,34.14,135.99,3.02,48.39,4.94,167.47,4,4,25,7,32.34,30.2,27.92,28.552857142857142,26.637857142857143,36.14,39.24,43.89
2025-07-25 04:00:00,36.14,141.62,2.68,53.94,5.25,174.36,4,4,25,7,34.14,32.34,30.2,30.185714285714287,27.601428571428567,39.24,43.89,41.11
2025-07-25 05:00:00,39.24,146.88,2.07,64.91,5.18,176.05,4,4,25,7,36.14,34.14,32.34,32.27,28.71142857142857,43.89,41.11,37.96
2025-07-25 06:00:00,43.89,153.25,1.52,76.96,4.95,175.95,4,4,25,7,39.24,36.14,34.14,34.83857142857143,30.09714285714286,41.11,37.96,36.79
2025-07-25 07:00:00,41.11,150.31,0.96,82.27,3.95,153.93,4,4,25,7,43.89,39.24,36.14,36.722857142857144,31.214285714285715,37.96,36.79,36.31
2025-07-25 08:00:00,37.96,150.02,0.73,80.61,2.87,138.47,4,4,25,7,41.11,43.89,39.24,37.83142857142857,32.067142857142855,36.79,36.31,36.48
2025-07-25 09:00:00,36.79,150.35,0.7,78.86,2.36,133.86,4,4,25,7,37.96,41.11,43.89,38.46714285714285,32.863571428571426,36.31,36.48,36.72
2025-07-25 10:00:00,36.31,151.13,0.78,77.79,2.08,133.51,4,4,25,7,36.79,37.96,41.11,38.777142857142856,33.665,36.48,36.72,37.54
2025-07-25 11:00:00,36.48,152.83,0.98,76.49,1.93,136.29,4,4,25,7,36.31,36.79,37.96,38.825714285714284,34.505714285714284,36.72,37.54,38.69
2025-07-25 12:00:00,36.72,155.29,1.35,75.05,1.86,140.67,4,4,25,7,36.48,36.31,36.79,38.465714285714284,35.36785714285714,37.54,38.69,39.64
2025-07-25 13:00:00,37.54,157.68,2.49,70.9,1.87,156.72,4,4,25,7,36.72,36.48,36.31,37.55857142857143,36.19857142857143,38.69,39.64,39.7
2025-07-25 14:00:00,38.69,159.6,4.02,64.66,1.91,180.81,4,4,25,7,37.54,36.72,36.48,37.212857142857146,36.96785714285715,39.64,39.7,39.46
2025-07-25 15:00:00,39.64,161.77,4.84,59.98,1.94,199.28,4,4,25,7,38.69,37.54,36.72,37.45285714285715,37.64214285714286,39.7,39.46,38.52
2025-07-25 16:00:00,39.7,161.58,5.07,56.11,1.87,207.15,4,4,25,7,39.64,38.69,37.54,37.86857142857143,38.167857142857144,39.46,38.52,36.71
2025-07-25 17:00:00,39.46,161.32,4.77,53.69,1.8,203.65,4,4,25,7,39.7,39.64,38.69,38.31857142857143,38.54785714285715,38.52,36.71,35.69
2025-07-25 18:00:00,38.52,159.87,4.13,52.92,1.83,187.97,4,4,25,7,39.46,39.7,39.64,38.61,38.71785714285715,36.71,35.69,35.06
2025-07-25 19:00:00,36.71,156.93,3.33,53.32,1.96,164.66,4,4,25,7,38.52,39.46,39.7,38.60857142857143,38.537142857142854,35.69,35.06,34.68
2025-07-25 20:00:00,35.69,151.73,2.98,52.89,2.13,152.92,4,4,25,7,36.71,38.52,39.46,38.34428571428572,37.951428571428565,35.06,34.68,34.65
2025-07-25 21:00:00,35.06,148.19,2.73,52.83,2.35,144.83,4,4,25,7,35.69,36.71,38.52,37.82571428571429,37.519285714285715,34.68,34.65,34.79
2025-07-25 22:00:00,34.68,145.32,2.63,52.49,2.64,139.71,4,4,25,7,35.06,35.69,36.71,37.11714285714286,37.285000000000004,34.65,34.79,35.19
2025-07-25 23:00:00,34.65,144.14,2.63,52.19,2.73,138.19,4,4,25,7,34.68,35.06,35.69,36.395714285714284,37.13214285714286,34.79,35.19,36.3
2025-07-26 00:00:00,34.79,144.22,2.59,51.88,2.58,137.34,4,5,26,7,34.65,34.68,35.06,35.72857142857143,37.02357142857143,35.19,36.3,38.02
2025-07-26 01:00:00,35.19,145.13,2.54,51.09,2.44,138.47,4,5,26,7,34.79,34.65,34.68,35.25285714285714,36.93142857142857,36.3,38.02,40.56
2025-07-26 02:00:00,36.3,148.1,2.73,49.33,2.53,146.86,4,5,26,7,35.19,34.79,34.65,35.19428571428572,36.901428571428575,38.02,40.56,44.61
2025-07-26 03:00:00,38.02,151.98,2.88,48.44,2.78,160.55,4,5,26,7,36.3,35.19,34.79,35.527142857142856,36.93571428571429,40.56,44.61,51.38
2025-07-26 04:00:00,40.56,157.87,2.63,52.48,3.08,172.7,4,5,26,7,38.02,36.3,35.19,36.31285714285714,37.06928571428572,44.61,51.38,49.24
2025-07-26 05:00:00,44.61,164.11,2.11,63.15,3.28,181.22,4,5,26,7,40.56,38.02,36.3,37.73142857142857,37.424285714285716,51.38,49.24,46.2
2025-07-26 06:00:00,51.38,172.78,1.57,77.7,3.54,187.22,4,5,26,7,44.61,40.56,38.02,40.121428571428574,38.25857142857143,49.24,46.2,45.29
2025-07-26 07:00:00,49.24,176.35,0.89,85.43,3.87,159.77,4,5,26,7,51.38,44.61,40.56,42.18571428571429,38.957142857142856,46.2,45.29,44.73
2025-07-26 08:00:00,46.2,177.06,0.72,83.05,3.03,144.27,4,5,26,7,49.24,51.38,44.61,43.75857142857143,39.50571428571429,45.29,44.73,43.01
2025-07-26 09:00:00,45.29,178.4,0.8,80.48,2.61,140.34,4,5,26,7,46.2,49.24,51.38,45.042857142857144,40.11857142857143,44.73,43.01,41.47
2025-07-26 10:00:00,44.73,180.44,0.94,78.37,2.31,139.29,4,5,26,7,45.29,46.2,49.24,46.00142857142857,40.76428571428572,43.01,41.47,41.92
2025-07-26 11:00:00,43.01,175.92,1.08,76.34,2.02,138.7,4,5,26,7,44.73,45.29,46.2,46.35142857142858,41.332142857142856,41.47,41.92,43.82
2025-07-26 12:00:00,41.47,170.03,1.35,75.13,1.86,141.06,4,5,26,7,43.01,44.73,45.29,45.902857142857144,41.81714285714286,41.92,43.82,45.87
2025-07-26 13:00:00,41.92,165.84,4.09,63.51,1.78,179.87,4,5,26,7,41.47,43.01,44.73,44.55142857142857,42.33642857142856,43.82,45.87,47.35
2025-07-26 14:00:00,43.82,163.17,7.91,48.26,1.79,243.84,4,5,26,7,41.92,41.47,43.01,43.777142857142856,42.98142857142857,45.87,47.35,49.07
2025-07-26 15:00:00,45.87,162.23,10.45,38.7,1.84,298.8,4,5,26,7,43.82,41.92,41.47,43.730000000000004,43.744285714285716,47.35,49.07,50.71
2025-07-26 16:00:00,47.35,161.33,11.72,33.15,1.84,334.45,4,5,26,7,45.87,43.82,41.92,44.02428571428571,44.53357142857143,49.07,50.71,51.36
2025-07-26 17:00:00,49.07,163.23,11.92,30.3,1.7,354.79,4,5,26,7,47.35,45.87,43.82,44.644285714285715,45.32285714285714,50.71,51.36,52.01
2025-07-26 18:00:00,50.71,166.05,11.78,29.0,1.5,362.78,4,5,26,7,49.07,47.35,45.87,45.74428571428571,46.04785714285715,51.36,52.01,52.38
2025-07-26 19:00:00,51.36,168.87,10.93,29.31,1.24,347.13,4,5,26,7,50.71,49.07,47.35,47.15714285714286,46.53000000000001,52.01,52.38,51.89
2025-07-26 20:00:00,52.01,172.88,9.87,30.15,1.05,326.15,4,5,26,7,51.36,50.71,49.07,48.598571428571425,46.575,52.38,51.89,51.92
2025-07-26 21:00:00,52.38,178.97,8.69,32.61,0.98,300.2,4,5,26,7,52.01,51.36,50.71,49.82142857142857,46.799285714285716,51.89,51.92,52.18
2025-07-26 22:00:00,51.89,191.4,6.56,39.97,1.12,253.95,4,5,26,7,52.38,52.01,51.36,50.68142857142857,47.205714285714286,51.92,52.18,52.29
2025-07-26 23:00:00,51.92,194.53,5.47,43.77,1.3,226.31,4,5,26,7,51.89,52.38,52.01,51.33428571428571,47.67928571428571,52.18,52.29,52.88
2025-07-27 00:00:00,52.18,195.61,4.67,47.26,1.57,204.65,4,6,27,7,51.92,51.89,52.38,51.778571428571425,48.21142857142858,52.29,52.88,53.66
2025-07-27 01:00:00,52.29,194.92,4.04,49.8,1.89,187.96,4,6,27,7,52.18,51.92,51.89,52.00428571428571,48.87428571428571,52.88,53.66,54.44
2025-07-27 02:00:00,52.88,193.34,4.14,49.9,2.12,189.08,4,6,27,7,52.29,52.18,51.92,52.221428571428575,49.68928571428571,53.66,54.44,56.27
2025-07-27 03:00:00,53.66,191.8,4.56,49.13,2.33,202.41,4,6,27,7,52.88,52.29,52.18,52.457142857142856,50.527857142857144,54.44,56.27,62.84
2025-07-27 04:00:00,54.44,190.59,4.52,50.65,2.45,217.38,4,6,27,7,53.66,52.88,52.29,52.75142857142857,51.28642857142857,56.27,62.84,62.31
2025-07-27 05:00:00,56.27,191.98,3.79,58.11,2.47,226.24,4,6,27,7,54.44,53.66,52.88,53.37714285714286,52.02928571428571,62.84,62.31,59.8
2025-07-27 06:00:00,62.84,200.71,2.78,73.41,2.51,232.15,5,6,27,7,56.27,54.44,53.66,54.93714285714286,53.135714285714286,62.31,59.8,59.32
2025-07-27 07:00:00,62.31,212.17,1.29,87.72,4.38,179.12,5,6,27,7,62.84,56.27,54.44,56.38428571428572,54.08142857142857,59.8,59.32,59.75
2025-07-27 08:00:00,59.8,208.79,0.97,89.1,4.42,159.59,5,6,27,7,62.31,62.84,56.27,57.457142857142856,54.730714285714285,59.32,59.75,59.08
2025-07-27 09:00:00,59.32,206.81,0.99,88.76,4.14,158.1,5,6,27,7,59.8,62.31,62.84,58.37714285714286,55.29928571428571,59.75,59.08,57.32
2025-07-27 10:00:00,59.75,206.28,1.15,88.67,4.01,161.44,5,6,27,7,59.32,59.8,62.31,59.24714285714286,55.85214285714285,59.08,57.32,55.34
2025-07-27 11:00:00,59.08,199.95,1.4,87.41,3.86,165.93,4,6,27,7,59.75,59.32,59.8,59.910000000000004,56.330714285714286,57.32,55.34,52.88
2025-07-27 12:00:00,57.32,188.9,1.81,85.82,3.73,171.02,4,6,27,7,59.08,59.75,59.32,60.06,56.71857142857142,55.34,52.88,50.04
2025-07-27 13:00:00,55.34,175.85,3.01,81.56,3.61,187.06,4,6,27,7,57.32,59.08,59.75,58.98857142857143,56.962857142857146,52.88,50.04,47.49
2025-07-27 14:00:00,52.88,162.07,4.37,74.74,3.37,207.34,4,6,27,7,55.34,57.32,59.08,57.64142857142857,57.012857142857136,50.04,47.49,46.91
2025-07-27 15:00:00,50.04,150.12,5.05,69.29,3.11,219.35,4,6,27,7,52.88,55.34,57.32,56.24714285714286,56.85214285714286,47.49,46.91,47.73
2025-07-27 16:00:00,47.49,144.28,5.13,64.37,2.77,218.87,4,6,27,7,50.04,52.88,55.34,54.55714285714286,56.46714285714285,46.91,47.73,48.49
2025-07-27 17:00:00,46.91,149.0,4.82,60.91,2.44,212.35,4,6,27,7,47.49,50.04,52.88,52.722857142857144,55.98500000000001,47.73,48.49,50.3
2025-07-27 18:00:00,47.73,159.9,4.26,58.88,2.13,199.0,4,6,27,7,46.91,47.49,50.04,51.10142857142858,55.505714285714284,48.49,50.3,52.71
2025-07-27 19:00:00,48.49,172.04,3.22,59.41,1.96,170.49,4,6,27,7,47.73,46.91,47.49,49.839999999999996,54.949999999999996,50.3,52.71,55.18
2025-07-27 20:00:00,50.3,180.61,2.67,60.37,1.99,153.59,4,6,27,7,48.49,47.73,46.91,49.12,54.05428571428571,52.71,55.18,57.47
2025-07-27 21:00:00,52.71,186.98,2.33,62.33,2.32,143.97,4,6,27,7,50.3,48.49,47.73,49.09571428571428,53.368571428571435,55.18,57.47,58.77
2025-07-27 22:00:00,55.18,190.87,2.15,64.42,2.93,139.09,4,6,27,7,52.71,50.3,48.49,49.83,53.03857142857142,57.47,58.77,58.62
2025-07-27 23:00:00,57.47,193.31,2.17,65.44,3.43,141.4,4,6,27,7,55.18,52.71,50.3,51.25571428571429,52.90642857142858,58.77,58.62,57.63
2025-07-28 00:00:00,58.77,194.59,2.24,64.99,3.72,145.79,4,0,28,7,57.47,55.18,52.71,52.949999999999996,52.83642857142858,58.62,57.63,56.14
2025-07-28 01:00:00,58.62,194.56,2.34,62.04,3.84,149.89,4,0,28,7,58.77,57.47,55.18,54.505714285714284,52.80357142857143,57.63,56.14,54.6
2025-07-28 02:00:00,57.63,195.42,2.69,57.06,3.91,156.88,4,0,28,7,58.62,58.77,57.47,55.81142857142857,52.82571428571429,56.14,54.6,53.87
2025-07-28 03:00:00,56.14,196.6,2.96,52.64,3.91,165.28,4,0,28,7,57.63,58.62,58.77,56.645714285714284,52.88285714285714,54.6,53.87,54.62
2025-07-28 04:00:00,54.6,199.81,2.81,52.0,3.96,167.78,4,0,28,7,56.14,57.63,58.62,56.91571428571428,53.00571428571429,53.87,54.62,55.79
2025-07-28 05:00:00,53.87,203.78,2.31,55.92,3.92,165.63,5,0,28,7,54.6,56.14,57.63,56.728571428571435,53.27928571428571,54.62,55.79,56.12
2025-07-28 06:00:00,54.62,209.0,1.75,62.82,3.76,161.42,5,0,28,7,53.87,54.6,56.14,56.32142857142857,53.78857142857144,55.79,56.12,55.84
2025-07-28 07:00:00,55.79,213.49,1.32,69.83,3.44,155.0,5,0,28,7,54.62,53.87,54.6,55.895714285714284,54.42285714285714,56.12,55.84,54.6
2025-07-28 08:00:00,56.12,213.99,1.04,75.16,2.98,147.58,5,0,28,7,55.79,54.62,53.87,55.53857142857142,55.02214285714286,55.84,54.6,53.31
2025-07-28 09:00:00,55.84,213.07,0.88,78.53,2.55,140.98,5,0,28,7,56.12,55.79,54.62,55.28285714285715,55.547142857142866,54.6,53.31,52.53
2025-07-28 10:00:00,54.6,209.76,0.77,79.66,2.04,134.73,5,0,28,7,55.84,56.12,55.79,55.06285714285715,55.854285714285716,53.31,52.53,52.59
2025-07-28 11:00:00,53.31,203.92,0.85,78.23,1.71,132.35,5,0,28,7,54.6,55.84,56.12,54.878571428571426,55.89714285714285,52.53,52.59,53.14
2025-07-28 12:00:00,52.53,200.62,1.13,76.09,1.55,132.83,5,0,28,7,53.31,54.6,55.84,54.68714285714286,55.707857142857144,52.59,53.14,54.36
2025-07-28 13:00:00,52.59,200.62,1.62,73.6,1.47,136.13,5,0,28,7,52.53,53.31,54.6,54.39714285714285,55.35928571428571,53.14,54.36,55.73
2025-07-28 14:00:00,53.14,203.22,2.1,70.41,1.44,139.13,5,0,28,7,52.59,52.53,53.31,54.018571428571434,54.957142857142856,54.36,55.73,58.23
2025-07-28 15:00:00,54.36,209.37,2.19,68.26,1.43,139.09,5,0,28,7,53.14,52.59,52.53,53.76714285714286,54.652857142857144,55.73,58.23,60.79
2025-07-28 16:00:00,55.73,217.48,2.07,66.32,1.4,134.88,5,0,28,7,54.36,53.14,52.59,53.75142857142857,54.51714285714286,58.23,60.79,62.16
2025-07-28 17:00:00,58.23,230.77,1.97,65.78,1.5,132.82,5,0,28,7,55.73,54.36,53.14,54.269999999999996,54.666428571428575,60.79,62.16,63.06
2025-07-28 18:00:00,60.79,242.4,1.98,66.02,1.86,132.42,5,0,28,7,58.23,55.73,54.36,55.33857142857143,55.10857142857143,62.16,63.06,63.06
2025-07-28 19:00:00,62.16,247.33,2.0,65.94,2.54,130.29,5,0,28,7,60.79,58.23,55.73,56.714285714285715,55.700714285714284,63.06,63.06,62.15
2025-07-28 20:00:00,63.06,247.84,2.06,66.33,3.33,131.07,5,0,28,7,62.16,60.79,58.23,58.209999999999994,56.30357142857143,63.06,62.15,60.26
2025-07-28 21:00:00,63.06,242.96,2.11,67.23,4.08,133.6,5,0,28,7,63.06,62.16,60.79,59.62714285714286,56.82285714285714,62.15,60.26,57.52
2025-07-28 22:00:00,62.15,234.62,2.15,68.37,4.76,137.64,5,0,28,7,63.06,63.06,62.16,60.739999999999995,57.253571428571426,60.26,57.52,54.36
2025-07-28 23:00:00,60.26,225.61,2.15,68.49,5.14,142.34,5,0,28,7,62.15,63.06,63.06,61.387142857142855,57.569285714285705,57.52,54.36,52.08
2025-07-29 00:00:00,57.52,217.77,2.18,65.88,5.19,146.26,5,1,29,7,60.26,62.15,63.06,61.285714285714285,57.777857142857144,54.36,52.08,51.1
2025-07-29 01:00:00,54.36,212.02,2.29,59.9,5.03,148.14,5,1,29,7,57.52,60.26,62.15,60.367142857142866,57.85285714285715,52.08,51.1,51.48
2025-07-29 02:00:00,52.08,211.37,2.63,52.59,4.92,152.07,5,1,29,7,54.36,57.52,60.26,58.92714285714286,57.82071428571429,51.1,51.48,53.06
2025-07-29 03:00:00,51.1,216.44,2.71,47.92,4.82,155.99,5,1,29,7,52.08,54.36,57.52,57.21857142857142,57.714285714285715,51.48,53.06,55.26
2025-07-29 04:00:00,51.48,225.35,2.33,50.08,4.54,154.5,5,1,29,7,51.1,52.08,54.36,55.56428571428571,57.59571428571429,53.06,55.26,56.35
2025-07-29 05:00:00,53.06,231.48,1.76,58.17,4.1,150.93,5,1,29,7,51.48,51.1,52.08,54.26571428571429,57.50285714285714,55.26,56.35,54.81
2025-07-29 06:00:00,55.26,233.92,1.27,67.28,3.64,146.77,5,1,29,7,53.06,51.48,51.1,53.55142857142857,57.46928571428571,56.35,54.81,52.38
2025-07-29 07:00:00,56.35,237.96,0.95,74.63,3.23,139.63,5,1,29,7,55.26,53.06,51.48,53.38428571428572,57.334999999999994,54.81,52.38,51.16
2025-07-29 08:00:00,54.81,232.52,0.79,77.42,2.82,130.54,5,1,29,7,56.35,55.26,53.06,53.448571428571434,56.90785714285715,52.38,51.16,49.28
2025-07-29 09:00:00,52.38,220.48,0.72,78.25,2.42,124.66,5,1,29,7,54.81,56.35,55.26,53.49142857142857,56.20928571428572,51.16,49.28,46.79
2025-07-29 10:00:00,51.16,217.38,0.69,78.62,1.99,120.68,5,1,29,7,52.38,54.81,56.35,53.5,55.35928571428571,49.28,46.79,44.64
2025-07-29 11:00:00,49.28,213.03,0.78,76.53,1.61,116.93,5,1,29,7,51.16,52.38,54.81,53.18571428571429,54.375,46.79,44.64,42.77
2025-07-29 12:00:00,46.79,204.01,1.05,74.2,1.4,115.6,5,1,29,7,49.28,51.16,52.38,52.29,53.27785714285715,44.64,42.77,41.31
2025-07-29 13:00:00,44.64,194.78,1.46,72.17,1.31,117.11,4,1,29,7,46.79,49.28,51.16,50.77285714285715,52.16214285714286,42.77,41.31,39.54
2025-07-29 14:00:00,42.77,184.28,1.77,71.1,1.28,119.61,4,1,29,7,44.64,46.79,49.28,48.832857142857144,51.10857142857143,41.31,39.54,38.56
2025-07-29 15:00:00,41.31,173.69,1.8,72.03,1.35,122.01,4,1,29,7,42.77,44.64,46.79,46.90428571428571,50.17642857142857,39.54,38.56,38.71
2025-07-29 16:00:00,39.54,161.79,1.72,73.38,1.47,123.24,4,1,29,7,41.31,42.77,44.64,45.07,49.28071428571429,38.56,38.71,39.97
2025-07-29 17:00:00,38.56,155.19,1.69,75.18,1.63,127.07,4,1,29,7,39.54,41.31,42.77,43.27,48.385,38.71,39.97,42.91
2025-07-29 18:00:00,38.71,154.62,1.7,77.04,1.78,131.59,4,1,29,7,38.56,39.54,41.31,41.76,47.472857142857144,39.97,42.91,46.42
2025-07-29 19:00:00,39.97,160.12,1.63,78.09,1.93,132.63,4,1,29,7,38.71,38.56,39.54,40.785714285714285,46.53785714285715,42.91,46.42,49.31
2025-07-29 20:00:00,42.91,174.37,1.56,78.63,2.19,134.2,4,1,29,7,39.97,38.71,38.56,40.53857142857144,45.65571428571429,46.42,49.31,51.02
2025-07-29 21:00:00,46.42,192.87,1.54,77.32,2.53,135.38,4,1,29,7,42.91,39.97,38.71,41.06,44.94642857142857,49.31,51.02,50.91
2025-07-29 22:00:00,49.31,209.87,1.59,73.27,2.85,136.23,5,1,29,7,46.42,42.91,39.97,42.20285714285715,44.55357142857143,51.02,50.91,49.06
2025-07-29 23:00:00,51.02,221.79,1.7,67.71,3.05,137.93,5,1,29,7,49.31,46.42,42.91,43.84285714285714,44.45642857142857,50.91,49.06,47.57
2025-07-30 00:00:00,50.91,224.8,1.83,61.1,3.05,138.79,5,2,30,7,51.02,49.31,46.42,45.607142857142854,44.43857142857143,49.06,47.57,46.62
2025-07-30 01:00:00,49.06,219.61,1.97,53.84,2.87,137.79,5,2,30,7,50.91,51.02,49.31,47.08571428571429,44.42285714285715,47.57,46.62,46.07
2025-07-30 02:00:00,47.57,215.41,2.29,47.45,2.72,140.82,5,2,30,7,49.06,50.91,51.02,48.17142857142857,44.478571428571435,46.62,46.07,46.49
2025-07-30 03:00:00,46.62,212.87,2.47,43.72,2.59,146.23,5,2,30,7,47.57,49.06,50.91,48.70142857142857,44.62,46.07,46.49,48.44
2025-07-30 04:00:00,46.07,211.44,2.11,45.26,2.45,146.86,5,2,30,7,46.62,47.57,49.06,48.651428571428575,44.855714285714285,46.49,48.44,50.62
2025-07-30 05:00:00,46.49,209.89,1.61,52.02,2.23,145.53,5,2,30,7,46.07,46.62,47.57,48.24857142857143,45.22571428571429,48.44,50.62,50.96
2025-07-30 06:00:00,48.44,210.55,1.2,60.72,1.98,144.21,5,2,30,7,46.49,46.07,46.62,47.88,45.86142857142857,50.62,50.96,50.27
2025-07-30 07:00:00,50.62,214.81,0.93,68.18,1.78,140.18,5,2,30,7,48.44,46.49,46.07,47.83857142857143,46.722857142857144,50.96,50.27,49.48
2025-07-30 08:00:00,50.96,214.39,0.79,71.75,1.56,134.31,5,2,30,7,50.62,48.44,46.49,48.11,47.597857142857144,50.27,49.48,48.02
2025-07-30 09:00:00,50.27,210.42,0.74,73.46,1.38,130.59,5,2,30,7,50.96,50.62,48.44,48.49571428571428,48.333571428571425,49.48,48.02,46.4
2025-07-30 10:00:00,49.48,209.71,0.79,74.62,1.21,128.98,5,2,30,7,50.27,50.96,50.62,48.90428571428571,48.80285714285714,48.02,46.4,45.6
2025-07-30 11:00:00,48.02,208.93,0.99,74.09,1.04,128.63,5,2,30,7,49.48,50.27,50.96,49.18285714285714,48.917142857142856,46.4,45.6,45.22
2025-07-30 12:00:00,46.4,204.77,1.4,72.85,0.95,131.37,5,2,30,7,48.02,49.48,50.27,49.17,48.70928571428571,45.6,45.22,44.7
2025-07-30 13:00:00,45.6,197.72,3.32,65.32,0.94,157.55,4,2,30,7,46.4,48.02,49.48,48.76428571428571,48.32214285714286,45.22,44.7,43.49
2025-07-30 14:00:00,45.22,187.8,5.97,54.94,1.01,199.91,4,2,30,7,45.6,46.4,48.02,47.99285714285714,47.91571428571429,44.7,43.49,42.3
2025-07-30 15:00:00,44.7,177.49,7.46,48.78,1.07,233.06,4,2,30,7,45.22,45.6,46.4,47.098571428571425,47.60428571428571,43.49,42.3,40.67
2025-07-30 16:00:00,43.49,166.3,8.12,45.47,1.09,251.11,4,2,30,7,44.7,45.22,45.6,46.13,47.31285714285714,42.3,40.67,37.97
2025-07-30 17:00:00,42.3,158.04,8.01,44.5,1.07,255.84,4,2,30,7,43.49,44.7,45.22,45.104285714285716,47.00428571428572,40.67,37.97,36.41
2025-07-30 18:00:00,40.67,151.68,7.31,45.55,1.0,244.85,4,2,30,7,42.3,43.49,44.7,44.05428571428571,46.61857142857143,37.97,36.41,35.49
2025-07-30 19:00:00,37.97,147.28,5.76,49.73,0.88,209.11,4,2,30,7,40.67,42.3,43.49,42.85,46.01,36.41,35.49,35.17
2025-07-30 20:00:00,36.41,144.73,4.89,50.26,0.78,187.7,4,2,30,7,37.97,40.67,42.3,41.537142857142854,45.15071428571429,35.49,35.17,35.85
2025-07-30 21:00:00,35.49,144.32,4.22,49.57,0.71,171.62,4,2,30,7,36.41,37.97,40.67,40.14714285714285,44.07,35.17,35.85,37.31
2025-07-30 22:00:00,35.17,145.81,3.64,48.77,0.66,157.02,4,2,30,7,35.49,36.41,37.97,38.785714285714285,42.942142857142855,35.85,37.31,39.18
2025-07-30 23:00:00,35.85,149.7,3.38,47.63,0.63,149.42,4,2,30,7,35.17,35.49,36.41,37.69428571428572,41.912142857142854,37.31,39.18,42.02
2025-07-31 00:00:00,37.31,155.47,3.28,46.46,0.63,146.13,4,3,31,7,35.85,35.17,35.49,36.98142857142857,41.042857142857144,39.18,42.02,45.71
2025-07-31 01:00:00,39.18,162.64,3.29,44.78,0.71,146.15,4,3,31,7,37.31,35.85,35.17,36.76857142857143,40.41142857142857,42.02,45.71,50.06
2025-07-31 02:00:00,42.02,174.23,3.53,43.1,0.93,154.33,4,3,31,7,39.18,37.31,35.85,37.347142857142856,40.098571428571425,45.71,50.06,52.97
2025-07-31 03:00:00,45.71,189.85,3.52,42.96,1.26,167.28,4,3,31,7,42.02,39.18,37.31,38.675714285714285,40.10642857142857,50.06,52.97,55.95
2025-07-31 04:00:00,50.06,211.37,2.73,50.01,1.76,158.2,5,3,31,7,45.71,42.02,39.18,40.75714285714286,40.45214285714285,52.97,55.95,55.01
2025-07-31 05:00:00,52.97,221.17,2.2,56.31,2.03,159.78,5,3,31,7,50.06,45.71,42.02,43.300000000000004,41.042857142857144,55.95,55.01,52.21
2025-07-31 06:00:00,55.95,225.34,1.69,65.62,2.26,163.3,5,3,31,7,52.97,50.06,45.71,46.17142857142857,41.932857142857145,55.01,52.21,50.59
2025-07-31 07:00:00,55.01,212.73,1.03,78.29,2.21,148.44,5,3,31,7,55.95,52.97,50.06,48.699999999999996,42.840714285714284,52.21,50.59,49.82
2025-07-31 08:00:00,52.21,201.0,0.81,80.77,1.84,139.48,5,3,31,7,55.01,55.95,52.97,50.56142857142857,43.665000000000006,50.59,49.82,48.56
2025-07-31 09:00:00,50.59,194.33,0.76,81.19,1.61,136.73,4,3,31,7,52.21,55.01,55.95,51.785714285714285,44.56642857142857,49.82,48.56,46.53
2025-07-31 10:00:00,49.82,187.93,0.84,81.74,1.5,137.75,4,3,31,7,50.59,52.21,55.01,52.37285714285714,45.52428571428572,48.56,46.53,44.75
2025-07-31 11:00:00,48.56,178.68,1.03,80.69,1.44,139.39,4,3,31,7,49.82,50.59,52.21,52.15857142857143,46.457857142857144,46.53,44.75,43.74
2025-07-31 12:00:00,46.53,166.55,1.34,78.85,1.36,140.93,4,3,31,7,48.56,49.82,50.59,51.23857142857143,47.26928571428572,44.75,43.74,41.84
2025-07-31 13:00:00,44.75,153.03,2.26,73.23,1.29,151.0,4,3,31,7,46.53,48.56,49.82,49.63857142857143,47.90500000000001,43.74,41.84,38.6
2025-07-31 14:00:00,43.74,141.46,3.34,65.86,1.22,167.1,4,3,31,7,44.75,46.53,48.56,48.02857142857143,48.364285714285714,41.84,38.6,35.74
2025-07-31 15:00:00,41.84,127.51,3.74,60.58,1.08,176.56,4,3,31,7,43.74,44.75,46.53,46.54714285714285,48.55428571428571,38.6,35.74,32.87
2025-07-31 16:00:00,38.6,113.68,3.52,56.63,0.85,172.67,4,3,31,7,41.84,43.74,44.75,44.83428571428572,48.31,35.74,32.87,29.92
2025-07-31 17:00:00,35.74,107.67,3.17,54.29,0.65,165.23,4,3,31,7,38.6,41.84,43.74,42.82285714285715,47.597857142857144,32.87,29.92,27.75
2025-07-31 18:00:00,32.87,105.84,2.91,52.27,0.51,155.98,4,3,31,7,35.74,38.6,41.84,40.58142857142858,46.370000000000005,29.92,27.75,26.72
2025-07-31 19:00:00,29.92,106.76,2.61,50.58,0.4,144.1,4,3,31,7,32.87,35.74,38.6,38.208571428571425,44.723571428571425,27.75,26.72,26.93
2025-07-31 20:00:00,27.75,108.65,2.37,48.92,0.34,135.12,4,3,31,7,29.92,32.87,35.74,35.779999999999994,42.70928571428571,26.72,26.93,28.18
2025-07-31 21:00:00,26.72,111.69,2.2,47.83,0.37,128.63,4,3,31,7,27.75,29.92,32.87,33.348571428571425,40.68857142857143,26.93,28.18,30.37
2025-07-31 22:00:00,26.93,116.74,2.12,48.06,0.57,124.49,4,3,31,7,26.72,27.75,29.92,31.21857142857143,38.88285714285714,28.18,30.37,32.61
2025-07-31 23:00:00,28.18,122.97,2.15,49.16,1.0,123.56,4,3,31,7,26.93,26.72,27.75,29.73,37.28214285714286,30.37,32.61,34.63
2025-08-01 00:00:00,30.37,130.84,2.24,51.19,1.78,125.45,4,4,1,8,28.18,26.93,26.72,28.962857142857143,35.892857142857146,32.61,34.63,36.37
2025-08-01 01:00:00,32.61,133.37,2.56,52.4,3.1,132.04,4,4,1,8,30.37,28.18,26.93,28.92571428571429,34.753571428571426,34.63,36.37,37.85
2025-08-01 02:00:00,34.63,133.62,3.19,51.07,4.15,145.01,4,4,1,8,32.61,30.37,28.18,29.59857142857143,33.90357142857143,36.37,37.85,39.18
2025-08-01 03:00:00,36.37,134.85,4.04,48.12,4.71,162.28,4,4,1,8,34.63,32.61,30.37,30.830000000000002,33.305,37.85,39.18,40.69
2025-08-01 04:00:00,37.85,138.75,4.55,45.69,4.79,174.75,4,4,1,8,36.37,34.63,32.61,32.42,32.88428571428572,39.18,40.69,42.43
2025-08-01 05:00:00,39.18,143.78,4.46,46.39,4.95,177.92,4,4,1,8,37.85,36.37,34.63,34.17,32.69428571428571,40.69,42.43,42.83
2025-08-01 06:00:00,40.69,147.42,3.95,51.88,5.28,175.3,4,4,1,8,39.18,37.85,36.37,35.957142857142856,32.84357142857143,42.43,42.83,42.82
2025-08-01 07:00:00,42.43,148.89,2.83,66.5,4.92,158.32,4,4,1,8,40.69,39.18,37.85,37.68,33.32142857142857,42.83,42.82,43.0
2025-08-01 08:00:00,42.83,146.32,2.4,72.2,4.55,150.2,4,4,1,8,42.43,40.69,39.18,39.13999999999999,34.03285714285714,42.82,43.0,43.11
2025-08-01 09:00:00,42.82,143.68,2.26,74.11,4.47,147.34,4,4,1,8,42.83,42.43,40.69,40.309999999999995,34.95428571428572,43.0,43.11,42.9
2025-08-01 10:00:00,43.0,143.52,2.37,74.4,4.46,148.31,4,4,1,8,42.82,42.83,42.43,41.25714285714285,36.04357142857143,43.11,42.9,42.5
2025-08-01 11:00:00,43.11,144.99,2.81,72.11,4.45,153.04,4,4,1,8,43.0,42.82,42.83,42.00857142857143,37.214285714285715,42.9,42.5,41.88
2025-08-01 12:00:00,42.9,146.93,3.42,68.91,4.31,159.18,4,4,1,8,43.11,43.0,42.82,42.54,38.355000000000004,42.5,41.88,40.68
2025-08-01 13:00:00,42.5,148.62,3.97,66.16,4.08,164.54,4,4,1,8,42.9,43.11,43.0,42.79857142857143,39.37785714285714,41.88,40.68,38.69
2025-08-01 14:00:00,41.88,150.58,4.11,63.48,3.77,165.92,4,4,1,8,42.5,42.9,43.11,42.71999999999999,40.199999999999996,40.68,38.69,37.07
2025-08-01 15:00:00,40.68,152.1,3.8,61.37,3.29,162.04,4,4,1,8,41.88,42.5,42.9,42.41285714285714,40.776428571428575,38.69,37.07,35.81
2025-08-01 16:00:00,38.69,151.06,3.35,58.9,2.57,154.62,4,4,1,8,40.68,41.88,42.5,41.82285714285714,41.06642857142857,37.07,35.81,34.78
2025-08-01 17:00:00,37.07,149.18,3.19,56.26,1.9,151.94,4,4,1,8,38.69,40.68,41.88,40.97571428571428,41.11642857142857,35.81,34.78,34.32
2025-08-01 18:00:00,35.81,146.22,3.17,54.28,1.44,150.59,4,4,1,8,37.07,38.69,40.68,39.93285714285714,40.97071428571428,34.78,34.32,34.58
2025-08-01 19:00:00,34.78,142.36,3.15,52.53,1.12,148.03,4,4,1,8,35.81,37.07,38.69,38.77285714285715,40.65642857142858,34.32,34.58,35.7
2025-08-01 20:00:00,34.32,139.03,3.1,51.37,0.95,146.0,4,4,1,8,34.78,35.81,37.07,37.604285714285716,40.201428571428565,34.58,35.7,37.73
2025-08-01 21:00:00,34.58,137.36,3.07,51.16,0.96,145.43,4,4,1,8,34.32,34.78,35.81,36.56142857142857,39.64071428571429,35.7,37.73,39.73
2025-08-01 22:00:00,35.7,137.95,3.07,52.76,1.34,147.2,4,4,1,8,34.58,34.32,34.78,35.85,39.131428571428565,37.73,39.73,40.53
2025-08-01 23:00:00,37.73,141.21,3.03,56.86,2.25,150.78,4,4,1,8,35.7,34.58,34.32,35.712857142857146,38.767857142857146,39.73,40.53,40.08
2025-08-02 00:00:00,39.73,145.04,2.96,61.21,3.45,155.91,4,5,2,8,37.73,35.7,34.58,36.09285714285714,38.534285714285716,40.53,40.08,38.77
2025-08-02 01:00:00,40.53,146.56,2.89,62.28,4.53,160.68,4,5,2,8,39.73,37.73,35.7,36.76714285714286,38.35,40.08,38.77,37.61
2025-08-02 02:00:00,40.08,145.77,3.04,58.97,5.11,166.98,4,5,2,8,40.53,39.73,37.73,37.52428571428572,38.14857142857142,38.77,37.61,38.27
2025-08-02 03:00:00,38.77,143.16,3.05,54.61,5.26,171.8,4,5,2,8,40.08,40.53,39.73,38.160000000000004,37.88214285714286,37.61,38.27,40.54
2025-08-02 04:00:00,37.61,140.88,2.52,54.61,5.06,169.98,4,5,2,8,38.77,40.08,40.53,38.59285714285714,37.57714285714285,38.27,40.54,40.31
2025-08-02 05:00:00,38.27,140.56,1.84,60.94,4.59,165.0,4,5,2,8,37.61,38.77,40.08,38.959999999999994,37.404999999999994,40.54,40.31,38.5
2025-08-02 06:00:00,40.54,142.11,1.28,69.24,4.01,158.75,4,5,2,8,38.27,37.61,38.77,39.36142857142857,37.537142857142854,40.31,38.5,37.32
2025-08-02 07:00:00,40.31,139.05,0.89,75.14,3.15,147.55,4,5,2,8,40.54,38.27,37.61,39.44428571428572,37.76857142857143,38.5,37.32,37.09
2025-08-02 08:00:00,38.5,134.7,0.71,76.17,2.4,137.01,4,5,2,8,40.31,40.54,38.27,39.15428571428572,37.96071428571429,37.32,37.09,36.66
2025-08-02 09:00:00,37.32,132.17,0.65,75.92,1.98,131.1,4,5,2,8,38.5,40.31,40.54,38.76,38.14214285714286,37.09,36.66,35.78
2025-08-02 10:00:00,37.09,132.37,0.68,75.95,1.71,129.53,4,5,2,8,37.32,38.5,40.31,38.52,38.339999999999996,36.66,35.78,34.92
2025-08-02 11:00:00,36.66,131.4,0.84,74.51,1.48,130.26,4,5,2,8,37.09,37.32,38.5,38.38428571428572,38.48857142857143,35.78,34.92,34.32
2025-08-02 12:00:00,35.78,129.8,1.17,71.82,1.27,131.72,4,5,2,8,36.66,37.09,37.32,38.028571428571425,38.49428571428571,34.92,34.32,34.03
2025-08-02 13:00:00,34.92,128.65,1.68,68.2,1.13,134.19,4,5,2,8,35.78,36.66,37.09,37.22571428571428,38.29357142857143,34.32,34.03,33.86
2025-08-02 14:00:00,34.32,127.95,2.12,64.5,1.05,136.19,4,5,2,8,34.92,35.78,36.66,36.37,37.90714285714286,34.03,33.86,34.53
2025-08-02 15:00:00,34.03,127.89,2.23,61.92,1.03,136.41,4,5,2,8,34.32,34.92,35.78,35.73142857142857,37.44285714285714,33.86,34.53,35.58
2025-08-02 16:00:00,33.86,128.08,2.18,60.14,1.03,133.69,4,5,2,8,34.03,34.32,34.92,35.237142857142864,36.99857142857143,34.53,35.58,36.38
2025-08-02 17:00:00,34.53,130.59,2.14,59.48,1.07,133.26,4,5,2,8,33.86,34.03,34.32,34.871428571428574,36.69571428571429,35.58,36.38,37.22
2025-08-02 18:00:00,35.58,133.34,2.17,59.95,1.12,133.89,4,5,2,8,34.53,33.86,34.03,34.71714285714286,36.550714285714285,36.38,37.22,37.78
2025-08-02 19:00:00,36.38,134.46,2.13,60.8,1.2,132.81,4,5,2,8,35.58,34.53,33.86,34.80285714285714,36.41571428571429,37.22,37.78,38.01
2025-08-02 20:00:00,37.22,135.9,2.08,62.46,1.4,132.73,4,5,2,8,36.38,35.58,34.53,35.13142857142857,36.17857142857143,37.78,38.01,37.97
2025-08-02 21:00:00,37.78,137.03,2.08,64.32,1.8,133.66,4,5,2,8,37.22,36.38,35.58,35.62571428571429,35.99785714285714,38.01,37.97,37.36
2025-08-02 22:00:00,38.01,137.46,2.14,65.46,2.45,135.38,4,5,2,8,37.78,37.22,36.38,36.19428571428572,35.962857142857146,37.97,37.36,35.97
2025-08-02 23:00:00,37.97,137.81,2.21,65.04,3.1,137.55,4,5,2,8,38.01,37.78,37.22,36.78142857142857,36.00928571428572,37.36,35.97,34.47
2025-08-03 00:00:00,37.36,137.07,2.27,62.03,3.51,138.87,4,6,3,8,37.97,38.01,37.78,37.18571428571429,36.028571428571425,35.97,34.47,33.14
2025-08-03 01:00:00,35.97,134.44,2.32,56.31,3.62,138.39,4,6,3,8,37.36,37.97,38.01,37.24142857142857,35.979285714285716,34.47,33.14,32.52
2025-08-03 02:00:00,34.47,131.63,2.49,49.8,3.56,139.64,4,6,3,8,35.97,37.36,37.97,36.96857142857142,35.885714285714286,33.14,32.52,33.19
2025-08-03 03:00:00,33.14,129.06,2.42,45.87,3.36,141.74,4,6,3,8,34.47,35.97,37.36,36.385714285714286,35.75857142857143,32.52,33.19,35.33
2025-08-03 04:00:00,32.52,128.3,1.97,47.71,3.04,141.32,4,6,3,8,33.14,34.47,35.97,35.63428571428572,35.63,33.19,35.33,35.35
2025-08-03 05:00:00,33.19,128.79,1.45,54.71,2.72,138.17,4,6,3,8,32.52,33.14,34.47,34.94571428571429,35.57,35.33,35.35,33.56
2025-08-03 06:00:00,35.33,131.08,1.05,62.99,2.45,134.75,4,6,3,8,33.19,32.52,33.14,34.568571428571424,35.675,35.35,33.56,32.36
2025-08-03 07:00:00,35.35,129.66,0.78,70.17,2.09,128.59,4,6,3,8,35.33,33.19,32.52,34.28142857142857,35.73357142857143,33.56,32.36,32.15
2025-08-03 08:00:00,33.56,124.98,0.64,72.93,1.68,121.54,4,6,3,8,35.35,35.33,33.19,33.93714285714286,35.589285714285715,32.36,32.15,31.99
2025-08-03 09:00:00,32.36,122.32,0.58,73.35,1.35,117.02,4,6,3,8,33.56,35.35,35.33,33.635714285714286,35.302142857142854,32.15,31.99,31.25
2025-08-03 10:00:00,32.15,123.42,0.59,73.5,1.1,115.82,4,6,3,8,32.36,33.56,35.35,33.494285714285716,34.940000000000005,31.99,31.25,30.57
2025-08-03 11:00:00,31.99,123.54,0.73,72.36,0.94,116.88,4,6,3,8,32.15,32.36,33.56,33.41857142857143,34.52642857142857,31.25,30.57,29.82
2025-08-03 12:00:00,31.25,122.31,1.0,70.36,0.86,118.53,4,6,3,8,31.99,32.15,32.36,33.14142857142857,34.043571428571425,30.57,29.82,29.01
2025-08-03 13:00:00,30.57,121.42,1.47,67.66,0.84,122.08,4,6,3,8,31.25,31.99,32.15,32.46142857142857,33.515,29.82,29.01,27.88
2025-08-03 14:00:00,29.82,120.2,1.92,64.79,0.84,125.42,4,6,3,8,30.57,31.25,31.99,31.67142857142857,32.97642857142857,29.01,27.88,27.37
2025-08-03 15:00:00,29.01,118.76,2.01,63.02,0.84,126.42,4,6,3,8,29.82,30.57,31.25,31.021428571428572,32.479285714285716,27.88,27.37,27.46
2025-08-03 16:00:00,27.88,115.79,1.89,61.87,0.79,124.15,4,6,3,8,29.01,29.82,30.57,30.381428571428575,32.00857142857143,27.37,27.46,27.84
2025-08-03 17:00:00,27.37,114.89,1.79,61.33,0.78,123.9,4,6,3,8,27.88,29.01,29.82,29.69857142857143,31.59642857142857,27.46,27.84,28.77
2025-08-03 18:00:00,27.46,114.9,1.82,60.95,0.82,125.35,4,6,3,8,27.37,27.88,29.01,29.051428571428573,31.234999999999996,27.84,28.77,30.0
2025-08-03 19:00:00,27.84,115.56,1.85,60.64,1.02,125.16,4,6,3,8,27.46,27.37,27.88,28.564285714285713,30.852857142857143,28.77,30.0,31.27
2025-08-03 20:00:00,28.77,118.32,1.91,61.64,1.49,125.96,4,6,3,8,27.84,27.46,27.37,28.307142857142857,30.384285714285713,30.0,31.27,32.39
2025-08-03 21:00:00,30.0,122.07,1.94,64.08,2.24,127.41,4,6,3,8,28.77,27.84,27.46,28.332857142857144,30.002142857142854,31.27,32.39,32.99
2025-08-03 22:00:00,31.27,124.94,1.98,66.99,3.31,129.47,4,6,3,8,30.0,28.77,27.84,28.655714285714286,29.83857142857143,32.39,32.99,32.72
2025-08-03 23:00:00,32.39,127.16,2.07,68.01,4.31,133.71,4,6,3,8,31.27,30.0,28.77,29.3,29.840714285714284,32.99,32.72,32.16
2025-08-04 00:00:00,32.99,128.84,2.19,66.0,4.92,137.36,4,0,4,8,32.39,31.27,30.0,30.102857142857143,29.900714285714283,32.72,32.16,31.52
2025-08-04 01:00:00,32.72,130.13,2.27,61.1,5.0,138.65,4,0,4,8,32.99,32.39,31.27,30.854285714285712,29.952857142857145,32.16,31.52,31.2
2025-08-04 02:00:00,32.16,131.89,2.49,55.68,4.73,141.16,4,0,4,8,32.72,32.99,32.39,31.47142857142857,30.017857142857142,31.52,31.2,31.67
2025-08-04 03:00:00,31.52,132.88,2.53,52.4,4.34,145.14,4,0,4,8,32.16,32.72,32.99,31.86428571428571,30.085714285714285,31.2,31.67,33.12
2025-08-04 04:00:00,31.2,132.67,2.14,53.98,3.97,146.75,4,0,4,8,31.52,32.16,32.72,32.035714285714285,30.184285714285714,31.67,33.12,32.55
2025-08-04 05:00:00,31.67,131.62,1.59,60.68,3.67,145.71,4,0,4,8,31.2,31.52,32.16,32.09285714285714,30.374285714285715,33.12,32.55,31.02
2025-08-04 06:00:00,33.12,130.55,1.14,68.56,3.42,143.2,4,0,4,8,31.67,31.2,31.52,32.19714285714286,30.74857142857143,32.55,31.02,30.4
2025-08-04 07:00:00,32.55,126.83,0.85,74.97,3.0,135.19,4,0,4,8,33.12,31.67,31.2,32.13428571428572,31.118571428571425,31.02,30.4,30.34
2025-08-04 08:00:00,31.02,123.03,0.71,77.41,2.62,125.77,4,0,4,8,32.55,33.12,31.67,31.89142857142857,31.372857142857146,30.4,30.34,29.73
2025-08-04 09:00:00,30.4,121.48,0.65,77.54,2.3,120.53,4,0,4,8,31.02,32.55,33.12,31.639999999999997,31.555714285714284,30.34,29.73,28.75
2025-08-04 10:00:00,30.34,122.73,0.68,77.13,2.02,118.34,4,0,4,8,30.4,31.02,32.55,31.47142857142857,31.66785714285714,29.73,28.75,27.92
2025-08-04 11:00:00,29.73,120.83,0.85,74.9,1.83,117.68,4,0,4,8,30.34,30.4,31.02,31.26142857142857,31.648571428571426,28.75,27.92,27.2
2025-08-04 12:00:00,28.75,117.35,1.14,72.26,1.72,118.41,4,0,4,8,29.73,30.34,30.4,30.844285714285714,31.46857142857143,27.92,27.2,26.69
2025-08-04 13:00:00,27.92,114.36,1.59,69.55,1.66,120.96,4,0,4,8,28.75,29.73,30.34,30.101428571428574,31.149285714285714,27.2,26.69,26.13
2025-08-04 14:00:00,27.2,111.55,1.96,66.91,1.68,123.79,4,0,4,8,27.92,28.75,29.73,29.337142857142858,30.735714285714288,26.69,26.13,26.2
2025-08-04 15:00:00,26.69,109.5,2.04,65.5,1.77,126.12,4,0,4,8,27.2,27.92,28.75,28.71857142857143,30.305,26.13,26.2,26.88
2025-08-04 16:00:00,26.13,107.52,2.0,64.74,1.8,127.24,4,0,4,8,26.69,27.2,27.92,28.108571428571427,29.874285714285715,26.2,26.88,27.74
2025-08-04 17:00:00,26.2,108.15,2.0,65.15,1.96,130.27,4,0,4,8,26.13,26.69,27.2,27.517142857142858,29.494285714285713,26.88,27.74,28.82
2025-08-04 18:00:00,26.88,111.03,2.08,66.38,2.34,133.65,4,0,4,8,26.2,26.13,26.69,27.110000000000003,29.185714285714283,27.74,28.82,29.75
2025-08-04 19:00:00,27.74,114.48,2.11,68.04,2.91,134.07,4,0,4,8,26.88,26.2,26.13,26.965714285714284,28.904999999999998,28.82,29.75,30.4
2025-08-04 20:00:00,28.82,118.41,2.05,70.51,3.57,134.44,4,0,4,8,27.74,26.88,26.2,27.094285714285714,28.59785714285714,29.75,30.4,31.11
2025-08-04 21:00:00,29.75,121.3,1.95,72.22,4.21,135.61,4,0,4,8,28.82,27.74,26.88,27.458571428571428,28.39785714285714,30.4,31.11,31.81
2025-08-04 22:00:00,30.4,123.87,1.92,71.42,4.87,137.7,4,0,4,8,29.75,28.82,27.74,27.988571428571426,28.353571428571428,31.11,31.81,32.11
2025-08-04 23:00:00,31.11,129.62,2.03,67.41,5.28,141.46,4,0,4,8,30.4,29.75,28.82,28.7,28.404285714285713,31.81,32.11,32.18
2025-08-05 00:00:00,31.81,138.37,2.21,60.69,5.33,144.34,4,1,5,8,31.11,30.4,29.75,29.50142857142857,28.509285714285713,32.11,32.18,31.51
2025-08-05 01:00:00,32.11,145.93,2.4,52.76,5.05,144.22,4,1,5,8,31.81,31.11,30.4,30.248571428571427,28.679285714285715,32.18,31.51,29.91
2025-08-05 02:00:00,32.18,150.97,2.71,45.59,4.68,146.5,4,1,5,8,32.11,31.81,31.11,30.882857142857144,28.924285714285713,31.51,29.91,28.33
2025-08-05 03:00:00,31.51,149.14,2.74,41.36,4.28,149.57,4,1,5,8,32.18,32.11,31.81,31.267142857142854,29.180714285714284,29.91,28.33,28.23
2025-08-05 04:00:00,29.91,139.95,2.29,42.89,3.79,148.94,4,1,5,8,31.51,32.18,32.11,31.289999999999996,29.374285714285715,28.33,28.23,27.61
2025-08-05 05:00:00,28.33,127.39,1.75,50.83,3.26,145.29,4,1,5,8,29.91,31.51,32.18,30.994285714285716,29.49142857142857,28.23,27.61,26.87
2025-08-05 06:00:00,28.23,116.72,1.24,61.25,2.79,140.87,4,1,5,8,28.33,29.91,31.51,30.58285714285714,29.641428571428573,27.61,26.87,26.42
2025-08-05 07:00:00,27.61,107.47,0.91,69.03,2.39,132.48,4,1,5,8,28.23,28.33,29.91,29.982857142857142,29.742142857142856,26.87,26.42,26.49
2025-08-05 08:00:00,26.87,103.05,0.76,72.32,2.03,124.46,4,1,5,8,27.61,28.23,28.33,29.234285714285715,29.74142857142857,26.42,26.49,26.51
2025-08-05 09:00:00,26.42,103.2,0.7,73.32,1.7,119.41,4,1,5,8,26.87,27.61,28.23,28.41142857142857,29.647142857142857,26.49,26.51,26.47
2025-08-05 10:00:00,26.49,108.05,0.71,73.28,1.45,116.61,4,1,5,8,26.42,26.87,27.61,27.694285714285716,29.48071428571429,26.51,26.47,26.52
2025-08-05 11:00:00,26.51,112.96,0.86,71.28,1.29,115.41,4,1,5,8,26.49,26.42,26.87,27.208571428571425,29.249285714285715,26.47,26.52,26.33
2025-08-05 12:00:00,26.47,116.69,1.18,68.57,1.19,116.26,4,1,5,8,26.51,26.49,26.42,26.942857142857143,28.96857142857143,26.52,26.33,25.92
2025-08-05 13:00:00,26.52,118.65,1.81,65.35,1.15,122.34,4,1,5,8,26.47,26.51,26.49,26.69857142857143,28.64071428571429,26.33,25.92,24.92
2025-08-05 14:00:00,26.33,116.55,2.51,62.12,1.14,131.3,4,1,5,8,26.52,26.47,26.51,26.515714285714285,28.249285714285715,25.92,24.92,24.31
2025-08-05 15:00:00,25.92,112.4,2.76,60.85,1.17,138.39,4,1,5,8,26.33,26.52,26.47,26.38,27.807142857142857,24.92,24.31,24.31
2025-08-05 16:00:00,24.92,106.39,2.71,60.22,1.17,140.96,4,1,5,8,25.92,26.33,26.52,26.165714285714284,27.28857142857143,24.31,24.31,24.79
2025-08-05 17:00:00,24.31,103.58,2.53,60.48,1.23,141.44,4,1,5,8,24.92,25.92,26.33,25.854285714285712,26.774285714285718,24.31,24.79,26.25
2025-08-05 18:00:00,24.31,104.72,2.35,61.13,1.38,139.89,4,1,5,8,24.31,24.92,25.92,25.54,26.374285714285715,24.79,26.25,28.43
2025-08-05 19:00:00,24.79,109.78,2.1,61.47,1.66,134.91,4,1,5,8,24.31,24.31,24.92,25.3,26.12142857142857,26.25,28.43,30.45
2025-08-05 20:00:00,26.25,120.25,1.93,61.59,2.16,131.75,4,1,5,8,24.79,24.31,24.31,25.26142857142857,25.979999999999997,28.43,30.45,31.53
2025-08-05 21:00:00,28.43,135.09,1.85,61.16,2.86,129.93,4,1,5,8,26.25,24.79,24.31,25.56142857142857,26.03857142857143,30.45,31.53,31.56
2025-08-05 22:00:00,30.45,148.49,1.88,58.61,3.7,129.83,4,1,5,8,28.43,26.25,24.79,26.208571428571425,26.294285714285714,31.53,31.56,30.58
2025-08-05 23:00:00,31.53,154.74,2.08,53.98,4.09,132.46,4,1,5,8,30.45,28.43,26.25,27.15285714285714,26.659285714285716,31.56,30.58,29.31
2025-08-06 00:00:00,31.56,154.69,2.31,48.64,4.09,135.39,4,2,6,8,31.53,30.45,28.43,28.18857142857143,27.021428571428572,30.58,29.31,27.89
2025-08-06 01:00:00,30.58,149.5,2.5,43.08,3.87,136.43,4,2,6,8,31.56,31.53,30.45,29.084285714285716,27.312142857142856,29.31,27.89,26.55
2025-08-06 02:00:00,29.31,142.76,2.74,38.35,3.71,140.75,4,2,6,8,30.58,31.56,31.53,29.73,27.514999999999997,27.89,26.55,26.2
2025-08-06 03:00:00,27.89,134.17,2.62,36.46,3.57,145.98,4,2,6,8,29.31,30.58,31.56,29.964285714285715,27.61285714285714,26.55,26.2,27.3
2025-08-06 04:00:00,26.55,124.55,2.16,39.56,3.32,147.46,4,2,6,8,27.89,29.31,30.58,29.695714285714285,27.62857142857143,26.2,27.3,26.49
2025-08-06 05:00:00,26.2,115.75,1.65,48.43,2.95,145.36,4,2,6,8,26.55,27.89,29.31,29.08857142857143,27.648571428571426,27.3,26.49,24.35
2025-08-06 06:00:00,27.3,109.94,1.16,58.95,2.54,141.35,4,2,6,8,26.2,26.55,27.89,28.48428571428571,27.818571428571428,26.49,24.35,22.78
2025-08-06 07:00:00,26.49,101.32,0.83,66.01,2.07,133.59,4,2,6,8,27.3,26.2,26.55,27.759999999999998,27.974285714285713,24.35,22.78,21.86
2025-08-06 08:00:00,24.35,94.41,0.68,68.34,1.56,124.98,3,2,6,8,26.49,27.3,26.2,26.87,27.977142857142855,22.78,21.86,21.31
2025-08-06 09:00:00,22.78,91.49,0.63,68.58,1.19,119.63,3,2,6,8,24.35,26.49,27.3,25.937142857142856,27.833571428571428,21.86,21.31,20.81
2025-08-06 10:00:00,21.86,90.86,0.67,68.73,0.98,118.22,3,2,6,8,22.78,24.35,26.49,25.075714285714287,27.520000000000003,21.31,20.81,20.82
2025-08-06 11:00:00,21.31,90.31,0.86,67.84,0.85,119.23,3,2,6,8,21.86,22.78,24.35,24.327142857142857,27.011428571428574,20.81,20.82,21.22
2025-08-06 12:00:00,20.81,89.47,1.21,66.16,0.78,122.02,3,2,6,8,21.31,21.86,22.78,23.557142857142857,26.322857142857142,20.82,21.22,21.64
2025-08-06 13:00:00,20.82,88.92,2.42,61.31,0.78,137.7,3,2,6,8,20.81,21.31,21.86,22.631428571428568,25.55785714285714,21.22,21.64,21.49
2025-08-06 14:00:00,21.22,88.32,4.15,54.23,0.83,162.67,3,2,6,8,20.82,20.81,21.31,21.87857142857143,24.819285714285712,21.64,21.49,21.08
2025-08-06 15:00:00,21.64,87.96,5.04,50.1,0.87,181.83,3,2,6,8,21.22,20.82,20.81,21.49142857142857,24.180714285714284,21.49,21.08,20.52
2025-08-06 16:00:00,21.49,86.4,5.19,48.32,0.88,188.26,3,2,6,8,21.64,21.22,20.82,21.307142857142853,23.622142857142855,21.08,20.52,20.17
2025-08-06 17:00:00,21.08,84.97,4.69,49.12,0.87,183.23,3,2,6,8,21.49,21.64,21.22,21.195714285714285,23.135714285714283,20.52,20.17,20.74
2025-08-06 18:00:00,20.52,83.76,3.88,51.74,0.85,169.99,3,2,6,8,21.08,21.49,21.64,21.08285714285714,22.705000000000002,20.17,20.74,22.04
2025-08-06 19:00:00,20.17,83.61,3.01,55.22,0.89,154.46,3,2,6,8,20.52,21.08,21.49,20.99142857142857,22.274285714285718,20.74,22.04,23.89
2025-08-06 20:00:00,20.74,85.09,2.72,57.04,1.14,149.88,3,2,6,8,20.17,20.52,21.08,20.98,21.805714285714284,22.04,23.89,25.99
2025-08-06 21:00:00,22.04,88.95,2.57,58.89,1.7,148.18,3,2,6,8,20.74,20.17,20.52,21.09714285714286,21.48785714285714,23.89,25.99,27.54
2025-08-06 22:00:00,23.89,94.15,2.54,60.86,2.71,148.44,3,2,6,8,22.04,20.74,20.17,21.418571428571425,21.455000000000002,25.99,27.54,27.87
2025-08-06 23:00:00,25.99,100.13,2.64,61.85,4.0,151.6,4,2,6,8,23.89,22.04,20.74,22.06142857142857,21.684285714285714,27.54,27.87,27.41
2025-08-07 00:00:00,27.54,105.18,2.77,60.61,5.21,154.64,4,3,7,8,25.99,23.89,22.04,22.98428571428571,22.09,27.87,27.41,26.87
2025-08-07 01:00:00,27.87,107.64,2.87,56.11,5.91,155.47,4,3,7,8,27.54,25.99,23.89,24.034285714285716,22.55857142857143,27.41,26.87,27.07
2025-08-07 02:00:00,27.41,108.5,3.09,49.9,5.83,158.52,4,3,7,8,27.87,27.54,25.99,25.068571428571428,23.029999999999998,26.87,27.07,28.87
2025-08-07 03:00:00,26.87,109.28,3.02,45.99,5.28,162.53,4,3,7,8,27.41,27.87,27.54,25.944285714285712,23.462142857142855,27.07,28.87,32.27
2025-08-07 04:00:00,27.07,111.49,2.47,47.95,4.6,163.26,4,3,7,8,26.87,27.41,27.87,26.662857142857142,23.88,28.87,32.27,30.46
2025-08-07 05:00:00,28.87,115.25,1.83,56.27,4.02,160.68,4,3,7,8,27.07,26.87,27.41,27.374285714285715,24.396428571428572,32.27,30.46,28.14
2025-08-07 06:00:00,32.27,119.98,1.3,66.7,3.54,157.66,4,3,7,8,28.87,27.07,26.87,28.271428571428572,25.166428571428575,30.46,28.14,27.37
2025-08-07 07:00:00,30.46,110.59,0.88,73.75,2.86,144.17,4,3,7,8,32.27,28.87,27.07,28.688571428571432,25.836428571428574,28.14,27.37,26.84
2025-08-07 08:00:00,28.14,103.15,0.7,75.93,2.24,133.45,4,3,7,8,30.46,32.27,28.87,28.72714285714286,26.380714285714284,27.37,26.84,26.57
2025-08-07 09:00:00,27.37,101.3,0.65,76.74,1.85,129.34,4,3,7,8,28.14,30.46,32.27,28.72142857142857,26.895,26.84,26.57,26.52
2025-08-07 10:00:00,26.84,101.31,0.69,76.97,1.6,127.68,4,3,7,8,27.37,28.14,30.46,28.717142857142857,27.330714285714286,26.57,26.52,26.89
2025-08-07 11:00:00,26.57,101.76,0.87,76.11,1.46,128.73,4,3,7,8,26.84,27.37,28.14,28.645714285714288,27.654285714285717,26.52,26.89,27.5
2025-08-07 12:00:00,26.52,103.04,1.25,74.61,1.42,132.07,4,3,7,8,26.57,26.84,27.37,28.310000000000002,27.842142857142857,26.89,27.5,28.03
2025-08-07 13:00:00,26.89,104.86,2.11,71.04,1.43,142.17,4,3,7,8,26.52,26.57,26.84,27.541428571428572,27.90642857142857,27.5,28.03,27.95
2025-08-07 14:00:00,27.5,105.89,3.17,65.93,1.49,156.52,4,3,7,8,26.89,26.52,26.57,27.118571428571425,27.90357142857143,28.03,27.95,27.94
2025-08-07 15:00:00,28.03,106.61,3.67,62.98,1.62,166.97,4,3,7,8,27.5,26.89,26.52,27.102857142857143,27.915,27.95,27.94,28.02
2025-08-07 16:00:00,27.95,106.02,3.8,60.52,1.73,170.65,4,3,7,8,28.03,27.5,26.89,27.185714285714287,27.95357142857143,27.94,28.02,27.98
2025-08-07 17:00:00,27.94,106.35,3.82,58.89,1.95,172.36,4,3,7,8,27.95,28.03,27.5,27.342857142857145,28.03,28.02,27.98,28.32
2025-08-07 18:00:00,28.02,106.68,3.9,57.94,2.38,172.72,4,3,7,8,27.94,27.95,28.03,27.550000000000004,28.097857142857144,27.98,28.32,28.9
2025-08-07 19:00:00,27.98,106.61,3.87,57.54,2.92,168.47,4,3,7,8,28.02,27.94,27.95,27.75857142857143,28.034285714285716,28.32,28.9,29.49
2025-08-07 20:00:00,28.32,107.52,3.62,59.03,3.4,163.79,4,3,7,8,27.98,28.02,27.94,27.962857142857143,27.75214285714286,28.9,29.49,29.84
2025-08-07 21:00:00,28.9,109.1,3.16,63.3,3.99,159.21,4,3,7,8,28.32,27.98,28.02,28.162857142857145,27.640714285714285,29.49,29.84,29.78
2025-08-07 22:00:00,29.49,110.04,2.76,68.37,4.83,158.12,4,3,7,8,28.9,28.32,27.98,28.371428571428574,27.737142857142857,29.84,29.78,29.28
2025-08-07 23:00:00,29.84,109.68,2.64,69.16,5.38,162.05,4,3,7,8,29.49,28.9,28.32,28.64142857142857,27.91357142857143,29.78,29.28,29.02
2025-08-08 00:00:00,29.78,110.06,2.64,65.61,5.63,166.4,4,4,8,8,29.84,29.49,28.9,28.904285714285713,28.12357142857143,29.28,29.02,29.05
2025-08-08 01:00:00,29.28,111.49,2.68,57.92,5.51,167.51,4,4,8,8,29.78,29.84,29.49,29.084285714285716,28.31714285714286,29.02,29.05,29.37
2025-08-08 02:00:00,29.02,114.77,2.97,48.82,5.12,170.45,4,4,8,8,29.28,29.78,29.84,29.232857142857142,28.495714285714286,29.05,29.37,30.62
2025-08-08 03:00:00,29.05,117.86,3.0,42.79,4.64,173.95,4,4,8,8,29.02,29.28,29.78,29.337142857142858,28.650000000000002,29.37,30.62,33.35
2025-08-08 04:00:00,29.37,119.92,2.52,43.81,4.09,173.82,4,4,8,8,29.05,29.02,29.28,29.404285714285713,28.78357142857143,30.62,33.35,33.81
2025-08-08 05:00:00,30.62,121.68,1.93,52.71,3.61,169.73,4,4,8,8,29.37,29.05,29.02,29.565714285714282,28.96857142857143,33.35,33.81,32.78
2025-08-08 06:00:00,33.35,124.77,1.4,64.67,3.21,165.56,4,4,8,8,30.62,29.37,29.05,30.067142857142862,29.354285714285712,33.81,32.78,32.43
2025-08-08 07:00:00,33.81,123.94,1.01,74.27,2.74,155.26,4,4,8,8,33.35,30.62,29.37,30.642857142857142,29.773571428571426,32.78,32.43,32.46
2025-08-08 08:00:00,32.78,120.96,0.83,78.32,2.4,144.96,4,4,8,8,33.81,33.35,30.62,31.142857142857142,30.11357142857143,32.43,32.46,32.07
2025-08-08 09:00:00,32.43,119.73,0.76,80.4,2.19,139.91,4,4,8,8,32.78,33.81,33.35,31.63,30.431428571428572,32.46,32.07,31.43
2025-08-08 10:00:00,32.46,120.57,0.8,81.35,2.01,138.5,4,4,8,8,32.43,32.78,33.81,32.11714285714286,30.72714285714286,32.07,31.43,31.07
2025-08-08 11:00:00,32.07,120.42,1.01,79.51,1.78,139.47,4,4,8,8,32.46,32.43,32.78,32.50285714285714,30.95357142857143,31.43,31.07,30.94
2025-08-08 12:00:00,31.43,120.65,1.44,76.46,1.58,142.5,4,4,8,8,32.07,32.46,32.43,32.61857142857143,31.092142857142857,31.07,30.94,30.69
2025-08-08 13:00:00,31.07,120.76,2.52,70.55,1.42,154.42,4,4,8,8,31.43,32.07,32.46,32.292857142857144,31.18,30.94,30.69,29.81
2025-08-08 14:00:00,30.94,120.18,3.87,63.01,1.32,173.06,4,4,8,8,31.07,31.43,32.07,31.882857142857144,31.262857142857143,30.69,29.81,28.92
2025-08-08 15:00:00,30.69,119.3,4.44,58.45,1.25,186.15,4,4,8,8,30.94,31.07,31.43,31.58428571428571,31.363571428571426,29.81,28.92,27.97
2025-08-08 16:00:00,29.81,117.13,4.45,55.95,1.18,188.29,4,4,8,8,30.69,30.94,31.07,31.21,31.419999999999998,28.92,27.97,26.95
2025-08-08 17:00:00,28.92,115.53,4.14,55.12,1.15,184.64,4,4,8,8,29.81,30.69,30.94,30.704285714285714,31.410714285714285,27.97,26.95,26.61
2025-08-08 18:00:00,27.97,113.57,3.75,55.32,1.13,176.67,4,4,8,8,28.92,29.81,30.69,30.118571428571432,31.310714285714283,26.95,26.61,26.94
2025-08-08 19:00:00,26.95,110.6,3.22,55.96,1.11,164.45,4,4,8,8,27.97,28.92,29.81,29.478571428571428,31.048571428571428,26.61,26.94,27.99
2025-08-08 20:00:00,26.61,108.69,2.85,57.03,1.19,157.65,4,4,8,8,26.95,27.97,28.92,28.841428571428573,30.56714285714286,26.94,27.99,29.6
2025-08-08 21:00:00,26.94,108.6,2.51,59.77,1.45,153.1,4,4,8,8,26.61,26.95,27.97,28.270000000000003,30.076428571428572,27.99,29.6,30.97
2025-08-08 22:00:00,27.99,110.44,2.28,64.08,2.01,152.04,4,4,8,8,26.94,26.61,26.95,27.884285714285713,29.73428571428571,29.6,30.97,31.06
2025-08-08 23:00:00,29.6,114.48,2.19,68.35,2.83,155.4,4,4,8,8,27.99,26.94,26.61,27.854285714285716,29.532142857142855,30.97,31.06,30.27
2025-08-09 00:00:00,30.97,119.55,2.14,69.75,3.68,159.57,4,5,9,8,29.6,27.99,26.94,28.147142857142857,29.425714285714285,31.06,30.27,28.72
2025-08-09 01:00:00,31.06,122.72,2.12,65.66,4.22,161.2,4,5,9,8,30.97,29.6,27.99,28.58857142857143,29.353571428571428,30.27,28.72,28.25
2025-08-09 02:00:00,30.27,123.97,2.35,57.27,4.26,163.42,4,5,9,8,31.06,30.97,29.6,29.062857142857144,29.270714285714288,28.72,28.25,29.54
2025-08-09 03:00:00,28.72,118.17,2.78,47.28,4.29,171.26,4,5,9,8,30.27,31.06,30.97,29.36428571428571,29.102857142857143,28.25,29.54,32.77
2025-08-09 04:00:00,28.25,116.83,2.36,46.73,3.83,170.65,4,5,9,8,28.72,30.27,31.06,29.55142857142857,28.910714285714285,29.54,32.77,33.55
2025-08-09 05:00:00,29.54,117.22,1.82,54.18,3.45,167.88,4,5,9,8,28.25,28.72,30.27,29.772857142857145,28.82857142857143,32.77,33.55,32.65
2025-08-09 06:00:00,32.77,120.17,1.34,64.86,3.14,164.61,4,5,9,8,29.54,28.25,28.72,30.225714285714282,29.04,33.55,32.65,32.49
2025-08-09 07:00:00,33.55,121.87,0.92,73.42,2.6,151.66,4,5,9,8,32.77,29.54,28.25,30.594285714285714,29.370714285714286,32.65,32.49,33.03
2025-08-09 08:00:00,32.65,120.65,0.73,76.55,2.13,140.29,4,5,9,8,33.55,32.77,29.54,30.821428571428573,29.705000000000002,32.49,33.03,33.37
2025-08-09 09:00:00,32.49,120.94,0.68,77.99,1.85,135.4,4,5,9,8,32.65,33.55,32.77,31.138571428571428,30.100714285714282,33.03,33.37,33.06
2025-08-09 10:00:00,33.03,122.58,0.78,78.6,1.69,136.59,4,5,9,8,32.49,32.65,33.55,31.754285714285714,30.559285714285718,33.37,33.06,32.82
2025-08-09 11:00:00,33.37,122.42,1.08,77.23,1.56,141.14,4,5,9,8,33.03,32.49,32.65,32.48571428571429,31.018571428571427,33.06,32.82,32.96
2025-08-09 12:00:00,33.06,121.72,1.58,74.21,1.41,146.7,4,5,9,8,33.37,33.03,32.49,32.98857142857143,31.380714285714287,32.82,32.96,32.99
2025-08-09 13:00:00,32.82,120.48,3.09,65.72,1.28,165.08,4,5,9,8,33.06,33.37,33.03,32.995714285714286,31.610714285714288,32.96,32.99,32.2
2025-08-09 14:00:00,32.96,118.75,5.16,54.73,1.21,194.4,4,5,9,8,32.82,33.06,33.37,32.91142857142857,31.752857142857145,32.99,32.2,30.75
2025-08-09 15:00:00,32.99,117.63,6.21,48.8,1.18,215.79,4,5,9,8,32.96,32.82,33.06,32.96,31.89071428571429,32.2,30.75,28.61
2025-08-09 16:00:00,32.2,115.4,6.43,46.01,1.09,221.96,4,5,9,8,32.99,32.96,32.82,32.91857142857143,32.028571428571425,30.75,28.61,26.03
2025-08-09 17:00:00,30.75,112.66,5.81,45.57,0.99,211.81,4,5,9,8,32.2,32.99,32.96,32.59285714285714,32.17357142857143,28.61,26.03,24.6
2025-08-09 18:00:00,28.61,109.44,4.68,47.49,0.86,187.58,4,5,9,8,30.75,32.2,32.99,31.912857142857145,32.199285714285715,26.03,24.6,23.68
2025-08-09 19:00:00,26.03,106.9,3.36,50.67,0.75,157.82,4,5,9,8,28.61,30.75,32.2,30.90857142857143,31.948571428571427,24.6,23.68,23.47
2025-08-09 20:00:00,24.6,102.24,3.04,49.75,0.79,148.33,4,5,9,8,26.03,28.61,30.75,29.734285714285715,31.365000000000002,23.68,23.47,24.28
2025-08-09 21:00:00,23.68,98.82,2.8,49.55,0.92,142.55,3,5,9,8,24.6,26.03,28.61,28.40857142857143,30.66,23.47,24.28,25.72
2025-08-09 22:00:00,23.47,97.64,2.63,50.78,1.27,138.99,3,5,9,8,23.68,24.6,26.03,27.048571428571428,30.004285714285714,24.28,25.72,27.07
2025-08-09 23:00:00,24.28,99.75,2.64,53.41,1.9,140.04,3,5,9,8,23.47,23.68,24.6,25.91714285714286,29.417857142857144,25.72,27.07,28.16
2025-08-10 00:00:00,25.72,104.21,2.69,56.01,2.79,143.65,4,6,10,8,24.28,23.47,23.68,25.19857142857143,28.895714285714284,27.07,28.16,28.89
2025-08-10 01:00:00,27.07,107.89,2.77,55.38,3.67,147.64,4,6,10,8,25.72,24.28,23.47,24.978571428571428,28.445714285714285,28.16,28.89,29.54
2025-08-10 02:00:00,28.16,111.12,3.06,50.89,4.2,155.26,4,6,10,8,27.07,25.72,24.28,25.282857142857143,28.095714285714287,28.89,29.54,30.87
2025-08-10 03:00:00,28.89,113.91,3.13,46.01,4.29,163.37,4,6,10,8,28.16,27.07,25.72,25.895714285714288,27.814999999999998,29.54,30.87,32.52
2025-08-10 04:00:00,29.54,116.64,2.56,46.8,4.02,165.95,4,6,10,8,28.89,28.16,27.07,26.732857142857142,27.570714285714285,30.87,32.52,29.58
2025-08-10 05:00:00,30.87,118.67,1.88,54.81,3.57,161.48,4,6,10,8,29.54,28.89,28.16,27.79,27.419285714285714,32.52,29.58,27.55
2025-08-10 06:00:00,32.52,119.21,1.3,65.42,3.13,152.98,4,6,10,8,30.87,29.54,28.89,28.967142857142854,27.44214285714286,29.58,27.55,27.1
2025-08-10 07:00:00,29.58,110.72,0.76,74.08,2.24,132.42,4,6,10,8,32.52,30.87,29.54,29.518571428571427,27.358571428571427,27.55,27.1,27.35
2025-08-10 08:00:00,27.55,106.91,0.58,75.71,1.63,122.42,4,6,10,8,29.58,32.52,30.87,29.587142857142858,27.282857142857143,27.1,27.35,27.58
2025-08-10 09:00:00,27.1,107.43,0.55,75.61,1.36,119.0,4,6,10,8,27.55,29.58,32.52,29.435714285714287,27.359285714285715,27.35,27.58,27.63
2025-08-10 10:00:00,27.35,108.9,0.65,75.81,1.24,120.51,4,6,10,8,27.1,27.55,29.58,29.215714285714284,27.555714285714288,27.58,27.63,27.81
2025-08-10 11:00:00,27.58,109.11,0.92,74.81,1.19,124.99,4,6,10,8,27.35,27.1,27.55,28.935714285714287,27.834285714285716,27.63,27.81,28.07
2025-08-10 12:00:00,27.63,109.51,1.35,72.6,1.11,130.04,4,6,10,8,27.58,27.35,27.1,28.472857142857144,28.131428571428575,27.81,28.07,28.06
2025-08-10 13:00:00,27.81,109.65,2.36,67.16,1.03,142.36,4,6,10,8,27.63,27.58,27.35,27.800000000000004,28.38357142857143,28.07,28.06,27.24
2025-08-10 14:00:00,28.07,109.18,3.63,59.61,0.97,158.51,4,6,10,8,27.81,27.63,27.58,27.584285714285716,28.551428571428573,28.06,27.24,26.3
2025-08-10 15:00:00,28.06,108.31,4.2,54.97,0.91,169.72,4,6,10,8,28.07,27.81,27.63,27.657142857142855,28.622142857142855,27.24,26.3,25.17
2025-08-10 16:00:00,27.24,105.92,4.25,52.07,0.84,170.62,4,6,10,8,28.06,28.07,27.81,27.677142857142854,28.556428571428572,26.3,25.17,23.82
2025-08-10 17:00:00,26.3,104.02,3.95,50.79,0.77,166.2,4,6,10,8,27.24,28.06,28.07,27.527142857142856,28.371428571428574,25.17,23.82,23.23
2025-08-10 18:00:00,25.17,102.2,3.44,51.02,0.72,156.02,4,6,10,8,26.3,27.24,28.06,27.182857142857138,28.059285714285714,23.82,23.23,23.18
2025-08-10 19:00:00,23.82,101.47,2.61,52.91,0.71,138.33,4,6,10,8,25.17,26.3,27.24,26.638571428571428,27.555714285714284,23.23,23.18,24.23
2025-08-10 20:00:00,23.23,100.33,2.37,52.35,0.82,131.38,4,6,10,8,23.82,25.17,26.3,25.98428571428571,26.892142857142858,23.18,24.23,26.28
2025-08-10 21:00:00,23.18,100.5,2.23,52.71,1.07,127.14,4,6,10,8,23.23,23.82,25.17,25.285714285714285,26.435,24.23,26.28,28.09
2025-08-10 22:00:00,24.23,102.46,2.19,55.45,1.77,127.01,4,6,10,8,23.18,23.23,23.82,24.738571428571426,26.197857142857146,26.28,28.09,28.67
2025-08-10 23:00:00,26.28,106.46,2.33,58.56,2.91,132.22,4,6,10,8,24.23,23.18,23.23,24.601428571428574,26.139285714285712,28.09,28.67,28.38
2025-08-11 00:00:00,28.09,109.78,2.55,58.83,4.08,138.64,4,0,11,8,26.28,24.23,23.18,24.857142857142858,26.19214285714286,28.67,28.38,27.78
2025-08-11 01:00:00,28.67,110.12,2.77,54.86,4.92,141.99,4,0,11,8,28.09,26.28,24.23,25.357142857142858,26.27,28.38,27.78,27.72
2025-08-11 02:00:00,28.38,109.19,3.13,48.13,5.16,147.02,4,0,11,8,28.67,28.09,26.28,26.00857142857143,26.323571428571427,27.78,27.72,29.42
2025-08-11 03:00:00,27.78,108.1,3.19,43.14,4.9,152.22,4,0,11,8,28.38,28.67,28.09,26.65857142857143,26.321428571428573,27.72,29.42,32.88
2025-08-11 04:00:00,27.72,108.49,2.66,44.58,4.43,153.6,4,0,11,8,27.78,28.38,28.67,27.307142857142857,26.29642857142857,29.42,32.88,32.74
2025-08-11 05:00:00,29.42,110.9,1.98,53.76,4.06,150.52,4,0,11,8,27.72,27.78,28.38,28.048571428571428,26.393571428571427,32.88,32.74,31.73
2025-08-11 06:00:00,32.88,115.02,1.39,65.51,3.86,146.27,4,0,11,8,29.42,27.72,27.78,28.99142857142857,26.79642857142857,32.74,31.73,31.7
2025-08-11 07:00:00,32.74,111.84,0.94,75.31,3.5,134.99,4,0,11,8,32.88,29.42,27.72,29.655714285714286,27.256428571428575,31.73,31.7,32.11
2025-08-11 08:00:00,31.73,108.78,0.75,79.23,3.17,126.83,4,0,11,8,32.74,32.88,29.42,30.092857142857145,27.725,31.7,32.11,32.48
2025-08-11 09:00:00,31.7,109.3,0.68,80.4,2.88,123.56,4,0,11,8,31.73,32.74,32.88,30.56714285714286,28.287857142857145,32.11,32.48,32.1
2025-08-11 10:00:00,32.11,111.38,0.71,80.87,2.68,123.29,4,0,11,8,31.7,31.73,32.74,31.185714285714287,28.92214285714286,32.48,32.1,31.36
2025-08-11 11:00:00,32.48,111.96,0.89,80.06,2.58,125.65,4,0,11,8,32.11,31.7,31.73,31.865714285714287,29.58642857142857,32.1,31.36,30.55
2025-08-11 12:00:00,32.1,111.52,1.21,77.62,2.4,128.18,4,0,11,8,32.48,32.11,31.7,32.24857142857143,30.148571428571426,31.36,30.55,29.73
2025-08-11 13:00:00,31.36,110.65,1.89,73.09,2.17,133.07,4,0,11,8,32.1,32.48,32.11,32.03142857142858,30.511428571428574,30.55,29.73,28.72
2025-08-11 14:00:00,30.55,109.33,2.51,68.1,2.07,138.86,4,0,11,8,31.36,32.1,32.48,31.71857142857143,30.687142857142856,29.73,28.72,28.26
2025-08-11 15:00:00,29.73,107.73,2.74,65.37,2.12,142.67,4,0,11,8,30.55,31.36,32.1,31.432857142857138,30.762857142857143,28.72,28.26,28.26
2025-08-11 16:00:00,28.72,105.64,2.72,63.7,2.14,141.6,4,0,11,8,29.73,30.55,31.36,31.00714285714286,30.78714285714286,28.26,28.26,28.3
2025-08-11 17:00:00,28.26,104.1,2.66,63.31,2.28,141.34,4,0,11,8,28.72,29.73,30.55,30.457142857142856,30.821428571428573,28.26,28.3,29.06
2025-08-11 18:00:00,28.26,102.16,2.7,64.35,2.67,142.25,4,0,11,8,28.26,28.72,29.73,29.854285714285712,30.860000000000003,28.3,29.06,30.28
2025-08-11 19:00:00,28.3,100.08,2.67,66.69,3.34,140.96,4,0,11,8,28.26,28.26,28.72,29.31142857142857,30.78,29.06,30.28,31.28
2025-08-11 20:00:00,29.06,101.97,2.58,70.18,4.22,140.82,4,0,11,8,28.3,28.26,28.26,28.982857142857142,30.50714285714286,30.28,31.28,31.79
2025-08-11 21:00:00,30.28,108.31,2.47,72.02,5.13,143.21,4,0,11,8,29.06,28.3,28.26,28.944285714285716,30.33142857142857,31.28,31.79,31.74
2025-08-11 22:00:00,31.28,115.84,2.46,69.13,5.93,146.41,4,0,11,8,30.28,29.06,28.3,29.165714285714284,30.299285714285713,31.79,31.74,31.17
2025-08-11 23:00:00,31.79,122.21,2.61,61.78,6.23,149.76,4,0,11,8,31.28,30.28,29.06,29.604285714285712,30.305714285714284,31.74,31.17,30.82
2025-08-12 00:00:00,31.74,127.25,2.84,52.63,6.01,150.91,4,1,12,8,31.79,31.28,30.28,30.101428571428574,30.279285714285713,31.17,30.82,
2025-08-12 01:00:00,31.17,129.83,3.08,43.5,5.43,149.39,4,1,12,8,31.74,31.79,31.28,30.517142857142858,30.185714285714287,30.82,,
2025-08-12 02:00:00,30.82,131.89,3.44,36.57,4.84,152.03,4,1,12,8,31.17,31.74,31.79,30.877142857142854,30.094285714285714,,,
